v_net_count,success_count,inservice_count,total_revenue,total_cost,total_time_revenue,total_time_cost,long_term_r2c_ratio,long_term_time_r2c_ratio,num_running_p_net_nodes,event_id,event_type,event_time,p_net_available_resource,p_net_node_available_resource,p_net_link_available_resource,p_net_node_resource_utilization,p_net_link_resource_utilization,v_net_id,v_net_lifetime,v_net_arrival_time,v_net_departure_time,v_net_num_nodes,v_net_num_egdes,result,node_slots,link_paths,node_slots_info,link_paths_info,node_slots_by_time,link_paths_by_time,node_migrations,active_time_slots,current_time_slot,v_net_cost,v_net_revenue,v_net_demand,v_net_node_demand,v_net_link_demand,v_net_node_revenue,v_net_link_revenue,v_net_node_cost,v_net_link_cost,v_net_path_cost,v_net_r2c_ratio,v_net_time_cost,v_net_time_revenue,v_net_time_rc_ratio,description,v_net_violation,v_net_single_step_violation,v_net_place_violation,v_net_route_violation,v_net_budget,v_net_place_budget,v_net_route_budget,place_result,route_result,early_rejection,revoke_times,selected_actions,num_placed_nodes,num_routed_links
1,1,1,31.333333333333332,85.33333333333333,16002.43288680914,43581.0938193951,0.3671875,0.36718750000000006,2,0,1,8.0,13482,8945,4537,0.007434531735463823,0.013695652173912998,0,510.7159431960364,8.0,518.7159431960364,2,1,True,"{0: np.int64(13), 1: np.int64(32)}","{(0, 1): [(np.int64(13), 12), (12, 15), (15, 9), (9, 25), (25, 24), (24, 34), (34, 32)]}","{(0, np.int64(13)): {'cpu': 17, 'gpu': 14, 'ram': 18}, (1, np.int64(32)): {'cpu': 9, 'gpu': 9, 'ram': 0}}","{((0, 1), (np.int64(13), 12)): {'bw': 9}, ((0, 1), (12, 15)): {'bw': 9}, ((0, 1), (15, 9)): {'bw': 9}, ((0, 1), (9, 25)): {'bw': 9}, ((0, 1), (25, 24)): {'bw': 9}, ((0, 1), (24, 34)): {'bw': 9}, ((0, 1), (34, 32)): {'bw': 9}}",OrderedDict(),OrderedDict(),OrderedDict(),[],,85.33333333333333,31.333333333333332,44.666666666666664,22.333333333333332,9,22.333333333333332,9,22.333333333333332,63,54,0.3671875,43581.0938193951,16002.43288680914,187.5285103922946,Success,0.0,0.0,0.0,0.0,0.0,0.0,0.0,True,True,False,0,[],2.0,1.0
2,2,2,141.0,386.99999999999994,24486.777156375018,66919.48763081493,0.36434108527131787,0.36591399640512795,7,1,1,15.0,13075,8787,4288,0.024966711051930712,0.0678260869565217,1,77.3648413638226,15.0,92.3648413638226,5,4,True,"{0: np.int64(20), 1: np.int64(17), 2: np.int64(18), 3: np.int64(12), 4: np.int64(33)}","{(0, 3): [(np.int64(20), 12)], (1, 2): [(np.int64(17), 30), (30, 0), (0, 34), (34, 7), (7, 8), (8, 9), (9, 18)], (2, 3): [(np.int64(18), 9), (9, 15), (15, 12)], (2, 4): [(np.int64(18), 9), (9, 8), (8, 7), (7, 34), (34, 33)]}","{(0, np.int64(20)): {'cpu': 11, 'gpu': 10, 'ram': 8}, (1, np.int64(17)): {'cpu': 17, 'gpu': 4, 'ram': 14}, (2, np.int64(18)): {'cpu': 9, 'gpu': 20, 'ram': 0}, (3, np.int64(12)): {'cpu': 0, 'gpu': 3, 'ram': 19}, (4, np.int64(33)): {'cpu': 16, 'gpu': 19, 'ram': 8}}","{((0, 3), (np.int64(20), 12)): {'bw': 7}, ((1, 2), (np.int64(17), 30)): {'bw': 13}, ((1, 2), (30, 0)): {'bw': 13}, ((1, 2), (0, 34)): {'bw': 13}, ((1, 2), (34, 7)): {'bw': 13}, ((1, 2), (7, 8)): {'bw': 13}, ((1, 2), (8, 9)): {'bw': 13}, ((1, 2), (9, 18)): {'bw': 13}, ((2, 3), (np.int64(18), 9)): {'bw': 17}, ((2, 3), (9, 15)): {'bw': 17}, ((2, 3), (15, 12)): {'bw': 17}, ((2, 4), (np.int64(18), 9)): {'bw': 20}, ((2, 4), (9, 8)): {'bw': 20}, ((2, 4), (8, 7)): {'bw': 20}, ((2, 4), (7, 34)): {'bw': 20}, ((2, 4), (34, 33)): {'bw': 20}}",OrderedDict(),OrderedDict(),OrderedDict(),[],,301.66666666666663,109.66666666666666,105.33333333333333,52.666666666666664,57,52.666666666666664,57,52.666666666666664,249,192,0.36353591160220994,23338.393811419817,8484.344269565878,28.12489813115761,Success,0.0,0.0,0.0,0.0,0.0,0.0,0.0,True,True,False,0,[],5.0,4.0
3,2,2,141.0,386.99999999999994,24486.777156375018,66919.48763081493,0.36434108527131787,0.36591399640512795,7,2,1,27.0,13075,8787,4288,0.024966711051930712,0.0678260869565217,2,1447.210224845763,27.0,1474.210224845763,3,2,False,"{0: np.int64(32), 1: np.int64(19), 2: np.int64(15)}","{(0, 1): []}","{(0, np.int64(32)): {'cpu': 0, 'gpu': 0, 'ram': 20}, (1, np.int64(19)): {'cpu': 11, 'gpu': 10, 'ram': 18}, (2, np.int64(15)): {'cpu': 4, 'gpu': 14, 'ram': 4}}",{},OrderedDict(),OrderedDict(),OrderedDict(),[],,0.0,0.0,54.0,27.0,22,0.0,0,0.0,0,0,0.0,0.0,0.0,0.0,Route Failure,0.0,0.0,0.0,0.0,0.0,0.0,0.0,True,False,False,0,[],3.0,1.0
4,2,2,141.0,386.99999999999994,24486.777156375018,66919.48763081493,0.36434108527131787,0.36591399640512795,7,3,1,42.0,13075,8787,4288,0.024966711051930712,0.0678260869565217,3,368.9136391555293,42.0,410.9136391555293,2,1,False,"{0: np.int64(32), 1: np.int64(19)}","{(0, 1): []}","{(0, np.int64(32)): {'cpu': 7, 'gpu': 13, 'ram': 0}, (1, np.int64(19)): {'cpu': 8, 'gpu': 5, 'ram': 8}}",{},OrderedDict(),OrderedDict(),OrderedDict(),[],,0.0,0.0,27.333333333333332,13.666666666666666,15,0.0,0,0.0,0,0,0.0,0.0,0.0,0.0,Route Failure,0.0,0.0,0.0,0.0,0.0,0.0,0.0,True,False,False,0,[],2.0,1.0
5,2,2,141.0,386.99999999999994,24486.777156375018,66919.48763081493,0.36434108527131787,0.36591399640512795,7,4,1,52.0,13075,8787,4288,0.024966711051930712,0.0678260869565217,4,267.78285915037816,52.0,319.78285915037816,5,5,False,"{0: np.int64(2), 1: np.int64(32), 2: np.int64(19), 3: np.int64(15), 4: np.int64(25)}","{(0, 4): [(np.int64(2), 0), (0, 34), (34, 24), (24, 25)], (1, 3): [(np.int64(32), 34), (34, 24), (24, 25), (25, 9), (9, 15)], (2, 3): []}","{(0, np.int64(2)): {'cpu': 15, 'gpu': 10, 'ram': 3}, (1, np.int64(32)): {'cpu': 11, 'gpu': 20, 'ram': 9}, (2, np.int64(19)): {'cpu': 4, 'gpu': 14, 'ram': 18}, (3, np.int64(15)): {'cpu': 7, 'gpu': 17, 'ram': 2}, (4, np.int64(25)): {'cpu': 13, 'gpu': 19, 'ram': 19}}","{((0, 4), (np.int64(2), 0)): {'bw': 11}, ((0, 4), (0, 34)): {'bw': 11}, ((0, 4), (34, 24)): {'bw': 11}, ((0, 4), (24, 25)): {'bw': 11}, ((1, 3), (np.int64(32), 34)): {'bw': 18}, ((1, 3), (34, 24)): {'bw': 18}, ((1, 3), (24, 25)): {'bw': 18}, ((1, 3), (25, 9)): {'bw': 18}, ((1, 3), (9, 15)): {'bw': 18}}",OrderedDict(),OrderedDict(),OrderedDict(),[],,0.0,0.0,120.66666666666667,60.333333333333336,49,0.0,0,0.0,0,0,0.0,0.0,0.0,0.0,Route Failure,0.0,0.0,0.0,0.0,0.0,0.0,0.0,True,False,False,0,[],5.0,3.0
6,2,2,141.0,386.99999999999994,24486.777156375018,66919.48763081493,0.36434108527131787,0.36591399640512795,7,5,1,59.0,13075,8787,4288,0.024966711051930712,0.0678260869565217,5,153.6401765452269,59.0,212.6401765452269,5,6,False,"{0: np.int64(2), 1: np.int64(32), 2: np.int64(19), 3: np.int64(15), 4: np.int64(25)}","{(0, 1): [(np.int64(2), 32)], (0, 3): [(np.int64(2), 4), (4, 29), (29, 15)], (0, 4): [(np.int64(2), 4), (4, 8), (8, 25)], (1, 3): [(np.int64(32), 2), (2, 4), (4, 29), (29, 15)], (2, 3): []}","{(0, np.int64(2)): {'cpu': 10, 'gpu': 10, 'ram': 6}, (1, np.int64(32)): {'cpu': 16, 'gpu': 9, 'ram': 7}, (2, np.int64(19)): {'cpu': 16, 'gpu': 12, 'ram': 8}, (3, np.int64(15)): {'cpu': 3, 'gpu': 13, 'ram': 13}, (4, np.int64(25)): {'cpu': 17, 'gpu': 6, 'ram': 7}}","{((0, 1), (np.int64(2), 32)): {'bw': 16}, ((0, 3), (np.int64(2), 4)): {'bw': 15}, ((0, 3), (4, 29)): {'bw': 15}, ((0, 3), (29, 15)): {'bw': 15}, ((0, 4), (np.int64(2), 4)): {'bw': 8}, ((0, 4), (4, 8)): {'bw': 8}, ((0, 4), (8, 25)): {'bw': 8}, ((1, 3), (np.int64(32), 2)): {'bw': 3}, ((1, 3), (2, 4)): {'bw': 3}, ((1, 3), (4, 29)): {'bw': 3}, ((1, 3), (29, 15)): {'bw': 3}}",OrderedDict(),OrderedDict(),OrderedDict(),[],,0.0,0.0,102.0,51.0,65,0.0,0,0.0,0,0,0.0,0.0,0.0,0.0,Route Failure,0.0,0.0,0.0,0.0,0.0,0.0,0.0,True,False,False,0,[],5.0,5.0
7,2,2,141.0,386.99999999999994,24486.777156375018,66919.48763081493,0.36434108527131787,0.36591399640512795,7,6,1,78.0,13075,8787,4288,0.024966711051930712,0.0678260869565217,6,744.1274193633675,78.0,822.1274193633675,5,6,False,"{0: np.int64(2), 1: np.int64(32), 2: np.int64(19), 3: np.int64(15), 4: np.int64(25)}","{(0, 1): [(np.int64(2), 32)], (0, 3): [(np.int64(2), 0), (0, 34), (34, 24), (24, 25), (25, 9), (9, 15)], (0, 4): [(np.int64(2), 0), (0, 34), (34, 24), (24, 25)], (1, 3): [(np.int64(32), 34), (34, 24), (24, 25), (25, 9), (9, 15)], (1, 4): [(np.int64(32), 34), (34, 24), (24, 25)], (2, 3): []}","{(0, np.int64(2)): {'cpu': 7, 'gpu': 13, 'ram': 20}, (1, np.int64(32)): {'cpu': 20, 'gpu': 4, 'ram': 1}, (2, np.int64(19)): {'cpu': 2, 'gpu': 4, 'ram': 5}, (3, np.int64(15)): {'cpu': 16, 'gpu': 12, 'ram': 1}, (4, np.int64(25)): {'cpu': 18, 'gpu': 17, 'ram': 19}}","{((0, 1), (np.int64(2), 32)): {'bw': 19}, ((0, 3), (np.int64(2), 0)): {'bw': 7}, ((0, 3), (0, 34)): {'bw': 7}, ((0, 3), (34, 24)): {'bw': 7}, ((0, 3), (24, 25)): {'bw': 7}, ((0, 3), (25, 9)): {'bw': 7}, ((0, 3), (9, 15)): {'bw': 7}, ((0, 4), (np.int64(2), 0)): {'bw': 9}, ((0, 4), (0, 34)): {'bw': 9}, ((0, 4), (34, 24)): {'bw': 9}, ((0, 4), (24, 25)): {'bw': 9}, ((1, 3), (np.int64(32), 34)): {'bw': 17}, ((1, 3), (34, 24)): {'bw': 17}, ((1, 3), (24, 25)): {'bw': 17}, ((1, 3), (25, 9)): {'bw': 17}, ((1, 3), (9, 15)): {'bw': 17}, ((1, 4), (np.int64(32), 34)): {'bw': 9}, ((1, 4), (34, 24)): {'bw': 9}, ((1, 4), (24, 25)): {'bw': 9}}",OrderedDict(),OrderedDict(),OrderedDict(),[],,0.0,0.0,106.0,53.0,61,0.0,0,0.0,0,0,0.0,0.0,0.0,0.0,Route Failure,0.0,0.0,0.0,0.0,0.0,0.0,0.0,True,False,False,0,[],5.0,6.0
8,2,2,141.0,386.99999999999994,24486.777156375018,66919.48763081493,0.36434108527131787,0.36591399640512795,7,7,1,92.0,13075,8787,4288,0.024966711051930712,0.0678260869565217,7,304.5412081515425,92.0,396.5412081515425,5,4,False,"{0: np.int64(32), 1: np.int64(19), 2: np.int64(15), 3: np.int64(25), 4: np.int64(29)}","{(0, 1): []}","{(0, np.int64(32)): {'cpu': 19, 'gpu': 3, 'ram': 4}, (1, np.int64(19)): {'cpu': 4, 'gpu': 10, 'ram': 16}, (2, np.int64(15)): {'cpu': 17, 'gpu': 1, 'ram': 16}, (3, np.int64(25)): {'cpu': 20, 'gpu': 20, 'ram': 15}, (4, np.int64(29)): {'cpu': 16, 'gpu': 4, 'ram': 10}}",{},OrderedDict(),OrderedDict(),OrderedDict(),[],,0.0,0.0,116.66666666666667,58.333333333333336,52,0.0,0,0.0,0,0,0.0,0.0,0.0,0.0,Route Failure,0.0,0.0,0.0,0.0,0.0,0.0,0.0,True,False,False,0,[],5.0,1.0
8,2,1,141.0,386.99999999999994,24486.777156375018,66919.48763081493,0.36434108527131787,0.36591399640512795,7,8,0,92.3648413638226,13482,8945,4537,0.007434531735463823,0.013695652173912998,1,77.3648413638226,15.0,92.3648413638226,5,4,False,{},{},{},{},OrderedDict(),OrderedDict(),OrderedDict(),[92.3648413638226],92.3648413638226,0.0,0.0,0.0,0.0,0,0.0,0,0.0,0,0,0.0,0.0,0.0,0.0,Leave Event,0.0,0.0,0.0,0.0,0.0,0.0,0.0,True,True,False,0,[],,
9,3,2,180.33333333333334,437.33333333333326,41013.359724771384,88067.91108698316,0.4123475609756099,0.4657015162340253,7,9,1,107.0,13359,8836,4523,0.019529516200621377,0.01673913043478259,8,420.16735343380594,107.0,527.1673534338059,3,2,True,"{0: np.int64(20), 1: np.int64(17), 2: np.int64(18)}","{(0, 1): [(np.int64(20), 12), (12, 15), (15, 29), (29, 4), (4, 17)], (0, 2): [(np.int64(20), 12), (12, 15), (15, 9), (9, 18)]}","{(0, np.int64(20)): {'cpu': 6, 'gpu': 3, 'ram': 18}, (1, np.int64(17)): {'cpu': 9, 'gpu': 19, 'ram': 17}, (2, np.int64(18)): {'cpu': 15, 'gpu': 12, 'ram': 10}}","{((0, 1), (np.int64(20), 12)): {'bw': 2}, ((0, 1), (12, 15)): {'bw': 2}, ((0, 1), (15, 29)): {'bw': 2}, ((0, 1), (29, 4)): {'bw': 2}, ((0, 1), (4, 17)): {'bw': 2}, ((0, 2), (np.int64(20), 12)): {'bw': 1}, ((0, 2), (12, 15)): {'bw': 1}, ((0, 2), (15, 9)): {'bw': 1}, ((0, 2), (9, 18)): {'bw': 1}}",OrderedDict(),OrderedDict(),OrderedDict(),[],,50.333333333333336,39.333333333333336,72.66666666666667,36.333333333333336,3,36.333333333333336,3,36.333333333333336,14,11,0.7814569536423841,21148.423456168235,16526.582568396367,328.3427000343649,Success,0.0,0.0,0.0,0.0,0.0,0.0,0.0,True,True,False,0,[],3.0,2.0
10,3,2,180.33333333333334,437.33333333333326,41013.359724771384,88067.91108698316,0.4123475609756099,0.4657015162340253,7,10,1,116.0,13359,8836,4523,0.019529516200621377,0.01673913043478259,9,9.484285831191945,116.0,125.48428583119194,5,7,False,"{0: np.int64(12), 1: np.int64(33), 2: np.int64(32), 3: np.int64(19), 4: np.int64(15)}","{(0, 2): [(np.int64(12), 15), (15, 9), (9, 25), (25, 24), (24, 34), (34, 32)], (0, 4): [(np.int64(12), 15)], (1, 2): [(np.int64(33), 34), (34, 32)], (1, 3): []}","{(0, np.int64(12)): {'cpu': 11, 'gpu': 17, 'ram': 5}, (1, np.int64(33)): {'cpu': 3, 'gpu': 0, 'ram': 6}, (2, np.int64(32)): {'cpu': 12, 'gpu': 7, 'ram': 3}, (3, np.int64(19)): {'cpu': 4, 'gpu': 4, 'ram': 2}, (4, np.int64(15)): {'cpu': 1, 'gpu': 3, 'ram': 8}}","{((0, 2), (np.int64(12), 15)): {'bw': 1}, ((0, 2), (15, 9)): {'bw': 1}, ((0, 2), (9, 25)): {'bw': 1}, ((0, 2), (25, 24)): {'bw': 1}, ((0, 2), (24, 34)): {'bw': 1}, ((0, 2), (34, 32)): {'bw': 1}, ((0, 4), (np.int64(12), 15)): {'bw': 4}, ((1, 2), (np.int64(33), 34)): {'bw': 0}, ((1, 2), (34, 32)): {'bw': 0}}",OrderedDict(),OrderedDict(),OrderedDict(),[],,0.0,0.0,57.333333333333336,28.666666666666668,51,0.0,0,0.0,0,0,0.0,0.0,0.0,0.0,Route Failure,0.0,0.0,0.0,0.0,0.0,0.0,0.0,True,False,False,0,[],5.0,4.0
10,3,2,180.33333333333334,437.33333333333326,41013.359724771384,88067.91108698316,0.4123475609756099,0.4657015162340253,7,11,0,125.48428583119194,13359,8836,4523,0.019529516200621377,0.01673913043478259,9,9.484285831191945,116.0,125.48428583119194,5,7,False,{},{},{},{},OrderedDict(),OrderedDict(),OrderedDict(),[125.48428583119194],125.48428583119194,0.0,0.0,0.0,0.0,0,0.0,0,0.0,0,0,0.0,0.0,0.0,0.0,Leave Event,0.0,0.0,0.0,0.0,0.0,0.0,0.0,True,True,False,0,[],,
11,4,3,229.66666666666669,600.6666666666665,64727.42264491125,166580.68697123002,0.38235294117647073,0.38856498806545475,8,12,1,126.0,13151,8769,4382,0.0269640479360852,0.047391304347826124,10,480.6904645974297,126.0,606.6904645974297,3,2,True,"{0: np.int64(12), 1: np.int64(33), 2: np.int64(2)}","{(0, 1): [(np.int64(12), 15), (15, 9), (9, 25), (25, 24), (24, 34), (34, 33)], (1, 2): [(np.int64(33), 34), (34, 0), (0, 2)]}","{(0, np.int64(12)): {'cpu': 1, 'gpu': 20, 'ram': 12}, (1, np.int64(33)): {'cpu': 7, 'gpu': 7, 'ram': 3}, (2, np.int64(2)): {'cpu': 8, 'gpu': 3, 'ram': 6}}","{((0, 1), (np.int64(12), 15)): {'bw': 20}, ((0, 1), (15, 9)): {'bw': 20}, ((0, 1), (9, 25)): {'bw': 20}, ((0, 1), (25, 24)): {'bw': 20}, ((0, 1), (24, 34)): {'bw': 20}, ((0, 1), (34, 33)): {'bw': 20}, ((1, 2), (np.int64(33), 34)): {'bw': 7}, ((1, 2), (34, 0)): {'bw': 7}, ((1, 2), (0, 2)): {'bw': 7}}",OrderedDict(),OrderedDict(),OrderedDict(),[],,163.33333333333331,49.33333333333333,44.666666666666664,22.333333333333332,27,22.333333333333332,27,22.333333333333332,141,114,0.3020408163265306,78512.77588424685,23714.062920139862,145.18814032738695,Success,0.0,0.0,0.0,0.0,0.0,0.0,0.0,True,True,False,0,[],3.0,2.0
12,4,3,229.66666666666669,600.6666666666665,64727.42264491125,166580.68697123002,0.38235294117647073,0.38856498806545475,8,13,1,148.0,13151,8769,4382,0.0269640479360852,0.047391304347826124,11,473.498338921889,148.0,621.498338921889,4,3,False,"{0: np.int64(32), 1: np.int64(19), 2: np.int64(15), 3: np.int64(25)}","{(0, 2): [(np.int64(32), 34), (34, 24), (24, 25), (25, 9), (9, 15)], (0, 3): []}","{(0, np.int64(32)): {'cpu': 19, 'gpu': 9, 'ram': 8}, (1, np.int64(19)): {'cpu': 0, 'gpu': 19, 'ram': 11}, (2, np.int64(15)): {'cpu': 5, 'gpu': 7, 'ram': 14}, (3, np.int64(25)): {'cpu': 11, 'gpu': 5, 'ram': 0}}","{((0, 2), (np.int64(32), 34)): {'bw': 8}, ((0, 2), (34, 24)): {'bw': 8}, ((0, 2), (24, 25)): {'bw': 8}, ((0, 2), (25, 9)): {'bw': 8}, ((0, 2), (9, 15)): {'bw': 8}}",OrderedDict(),OrderedDict(),OrderedDict(),[],,0.0,0.0,72.0,36.0,33,0.0,0,0.0,0,0,0.0,0.0,0.0,0.0,Route Failure,0.0,0.0,0.0,0.0,0.0,0.0,0.0,True,False,False,0,[],4.0,2.0
13,4,3,229.66666666666669,600.6666666666665,64727.42264491125,166580.68697123002,0.38235294117647073,0.38856498806545475,8,14,1,161.0,13151,8769,4382,0.0269640479360852,0.047391304347826124,12,479.77398636461794,161.0,640.7739863646179,2,1,False,"{0: np.int64(32), 1: np.int64(19)}","{(0, 1): []}","{(0, np.int64(32)): {'cpu': 10, 'gpu': 2, 'ram': 19}, (1, np.int64(19)): {'cpu': 19, 'gpu': 0, 'ram': 14}}",{},OrderedDict(),OrderedDict(),OrderedDict(),[],,0.0,0.0,42.666666666666664,21.333333333333332,0,0.0,0,0.0,0,0,0.0,0.0,0.0,0.0,Route Failure,0.0,0.0,0.0,0.0,0.0,0.0,0.0,True,False,False,0,[],2.0,1.0
14,4,3,229.66666666666669,600.6666666666665,64727.42264491125,166580.68697123002,0.38235294117647073,0.38856498806545475,8,15,1,174.0,13151,8769,4382,0.0269640479360852,0.047391304347826124,13,1438.9575393705115,174.0,1612.9575393705115,5,5,False,"{0: np.int64(32), 1: np.int64(19), 2: np.int64(15), 3: np.int64(25), 4: np.int64(0)}","{(0, 2): [(np.int64(32), 34), (34, 0), (0, 4), (4, 29), (29, 15)], (0, 3): [(np.int64(32), 34), (34, 7), (7, 25)], (1, 2): []}","{(0, np.int64(32)): {'cpu': 19, 'gpu': 13, 'ram': 2}, (1, np.int64(19)): {'cpu': 6, 'gpu': 9, 'ram': 20}, (2, np.int64(15)): {'cpu': 1, 'gpu': 4, 'ram': 13}, (3, np.int64(25)): {'cpu': 12, 'gpu': 17, 'ram': 15}, (4, np.int64(0)): {'cpu': 18, 'gpu': 3, 'ram': 4}}","{((0, 2), (np.int64(32), 34)): {'bw': 9}, ((0, 2), (34, 0)): {'bw': 9}, ((0, 2), (0, 4)): {'bw': 9}, ((0, 2), (4, 29)): {'bw': 9}, ((0, 2), (29, 15)): {'bw': 9}, ((0, 3), (np.int64(32), 34)): {'bw': 4}, ((0, 3), (34, 7)): {'bw': 4}, ((0, 3), (7, 25)): {'bw': 4}}",OrderedDict(),OrderedDict(),OrderedDict(),[],,0.0,0.0,104.0,52.0,61,0.0,0,0.0,0,0,0.0,0.0,0.0,0.0,Route Failure,0.0,0.0,0.0,0.0,0.0,0.0,0.0,True,False,False,0,[],5.0,3.0
15,4,3,229.66666666666669,600.6666666666665,64727.42264491125,166580.68697123002,0.38235294117647073,0.38856498806545475,8,16,1,194.0,13151,8769,4382,0.0269640479360852,0.047391304347826124,14,572.5694793251881,194.0,766.5694793251881,4,4,False,"{0: np.int64(32), 1: np.int64(19), 2: np.int64(15), 3: np.int64(25)}","{(0, 1): []}","{(0, np.int64(32)): {'cpu': 13, 'gpu': 12, 'ram': 6}, (1, np.int64(19)): {'cpu': 2, 'gpu': 15, 'ram': 14}, (2, np.int64(15)): {'cpu': 3, 'gpu': 2, 'ram': 16}, (3, np.int64(25)): {'cpu': 9, 'gpu': 19, 'ram': 15}}",{},OrderedDict(),OrderedDict(),OrderedDict(),[],,0.0,0.0,84.0,42.0,29,0.0,0,0.0,0,0,0.0,0.0,0.0,0.0,Route Failure,0.0,0.0,0.0,0.0,0.0,0.0,0.0,True,False,False,0,[],4.0,1.0
16,4,3,229.66666666666669,600.6666666666665,64727.42264491125,166580.68697123002,0.38235294117647073,0.38856498806545475,8,17,1,204.0,13151,8769,4382,0.0269640479360852,0.047391304347826124,15,222.75924636561962,204.0,426.7592463656196,2,1,False,"{0: np.int64(32), 1: np.int64(19)}","{(0, 1): []}","{(0, np.int64(32)): {'cpu': 13, 'gpu': 6, 'ram': 15}, (1, np.int64(19)): {'cpu': 7, 'gpu': 13, 'ram': 9}}",{},OrderedDict(),OrderedDict(),OrderedDict(),[],,0.0,0.0,42.0,21.0,6,0.0,0,0.0,0,0,0.0,0.0,0.0,0.0,Route Failure,0.0,0.0,0.0,0.0,0.0,0.0,0.0,True,False,False,0,[],2.0,1.0
16,4,3,229.66666666666669,600.6666666666665,64727.42264491125,166580.68697123002,0.38235294117647073,0.38856498806545475,8,18,0,212.6401765452269,13151,8769,4382,0.0269640479360852,0.047391304347826124,5,153.6401765452269,59.0,212.6401765452269,5,6,False,{},{},{},{},OrderedDict(),OrderedDict(),OrderedDict(),[212.6401765452269],212.6401765452269,0.0,0.0,0.0,0.0,0,0.0,0,0.0,0,0,0.0,0.0,0.0,0.0,Leave Event,0.0,0.0,0.0,0.0,0.0,0.0,0.0,True,True,False,0,[],,
17,5,4,263.6666666666667,706.6666666666665,74494.47359378845,197030.90463537665,0.3731132075471699,0.37808522338994055,9,19,1,215.0,13013,8721,4292,0.0322902796271638,0.06695652173913047,16,287.2662043787416,215.0,502.2662043787416,2,1,True,"{0: np.int64(3), 1: np.int64(32)}","{(0, 1): [(np.int64(3), 30), (30, 39), (39, 38), (38, 2), (2, 32)]}","{(0, np.int64(3)): {'cpu': 11, 'gpu': 7, 'ram': 9}, (1, np.int64(32)): {'cpu': 18, 'gpu': 1, 'ram': 2}}","{((0, 1), (np.int64(3), 30)): {'bw': 18}, ((0, 1), (30, 39)): {'bw': 18}, ((0, 1), (39, 38)): {'bw': 18}, ((0, 1), (38, 2)): {'bw': 18}, ((0, 1), (2, 32)): {'bw': 18}}",OrderedDict(),OrderedDict(),OrderedDict(),[],,106.0,34.0,32.0,16.0,18,16.0,18,16.0,90,72,0.32075471698113206,30450.217664146607,9767.050948877213,92.14199008374729,Success,0.0,0.0,0.0,0.0,0.0,0.0,0.0,True,True,False,0,[],2.0,1.0
18,5,4,263.6666666666667,706.6666666666665,74494.47359378845,197030.90463537665,0.3731132075471699,0.37808522338994055,9,20,1,228.0,13013,8721,4292,0.0322902796271638,0.06695652173913047,17,598.0539005666851,228.0,826.0539005666851,2,1,False,"{0: np.int64(19), 1: np.int64(15)}","{(0, 1): []}","{(0, np.int64(19)): {'cpu': 14, 'gpu': 4, 'ram': 14}, (1, np.int64(15)): {'cpu': 5, 'gpu': 18, 'ram': 18}}",{},OrderedDict(),OrderedDict(),OrderedDict(),[],,0.0,0.0,48.666666666666664,24.333333333333332,1,0.0,0,0.0,0,0,0.0,0.0,0.0,0.0,Route Failure,0.0,0.0,0.0,0.0,0.0,0.0,0.0,True,False,False,0,[],2.0,1.0
19,5,4,263.6666666666667,706.6666666666665,74494.47359378845,197030.90463537665,0.3731132075471699,0.37808522338994055,9,21,1,243.0,13013,8721,4292,0.0322902796271638,0.06695652173913047,18,31.05764796265785,243.0,274.0576479626578,4,4,False,"{0: np.int64(19), 1: np.int64(15), 2: np.int64(25), 3: np.int64(29)}","{(0, 1): []}","{(0, np.int64(19)): {'cpu': 12, 'gpu': 2, 'ram': 16}, (1, np.int64(15)): {'cpu': 0, 'gpu': 8, 'ram': 1}, (2, np.int64(25)): {'cpu': 9, 'gpu': 19, 'ram': 0}, (3, np.int64(29)): {'cpu': 16, 'gpu': 10, 'ram': 5}}",{},OrderedDict(),OrderedDict(),OrderedDict(),[],,0.0,0.0,65.33333333333333,32.666666666666664,34,0.0,0,0.0,0,0,0.0,0.0,0.0,0.0,Route Failure,0.0,0.0,0.0,0.0,0.0,0.0,0.0,True,False,False,0,[],4.0,1.0
20,5,4,263.6666666666667,706.6666666666665,74494.47359378845,197030.90463537665,0.3731132075471699,0.37808522338994055,9,22,1,257.0,13013,8721,4292,0.0322902796271638,0.06695652173913047,19,549.4562400290198,257.0,806.4562400290198,3,2,False,"{0: np.int64(19), 1: np.int64(15), 2: np.int64(25)}","{(0, 1): []}","{(0, np.int64(19)): {'cpu': 5, 'gpu': 6, 'ram': 19}, (1, np.int64(15)): {'cpu': 11, 'gpu': 20, 'ram': 6}, (2, np.int64(25)): {'cpu': 19, 'gpu': 6, 'ram': 2}}",{},OrderedDict(),OrderedDict(),OrderedDict(),[],,0.0,0.0,62.666666666666664,31.333333333333332,11,0.0,0,0.0,0,0,0.0,0.0,0.0,0.0,Route Failure,0.0,0.0,0.0,0.0,0.0,0.0,0.0,True,False,False,0,[],3.0,1.0
21,5,4,263.6666666666667,706.6666666666665,74494.47359378845,197030.90463537665,0.3731132075471699,0.37808522338994055,9,23,1,271.0,13013,8721,4292,0.0322902796271638,0.06695652173913047,20,555.2987166471902,271.0,826.2987166471902,4,5,False,"{0: np.int64(19), 1: np.int64(15), 2: np.int64(25), 3: np.int64(0)}","{(0, 1): []}","{(0, np.int64(19)): {'cpu': 5, 'gpu': 13, 'ram': 19}, (1, np.int64(15)): {'cpu': 13, 'gpu': 17, 'ram': 8}, (2, np.int64(25)): {'cpu': 9, 'gpu': 3, 'ram': 13}, (3, np.int64(0)): {'cpu': 4, 'gpu': 13, 'ram': 5}}",{},OrderedDict(),OrderedDict(),OrderedDict(),[],,0.0,0.0,81.33333333333333,40.666666666666664,41,0.0,0,0.0,0,0,0.0,0.0,0.0,0.0,Route Failure,0.0,0.0,0.0,0.0,0.0,0.0,0.0,True,False,False,0,[],4.0,1.0
21,5,4,263.6666666666667,706.6666666666665,74494.47359378845,197030.90463537665,0.3731132075471699,0.37808522338994055,9,24,0,274.0576479626578,13013,8721,4292,0.0322902796271638,0.06695652173913047,18,31.05764796265785,243.0,274.0576479626578,4,4,False,{},{},{},{},OrderedDict(),OrderedDict(),OrderedDict(),[274.0576479626578],274.0576479626578,0.0,0.0,0.0,0.0,0,0.0,0,0.0,0,0,0.0,0.0,0.0,0.0,Leave Event,0.0,0.0,0.0,0.0,0.0,0.0,0.0,True,True,False,0,[],,
22,5,4,263.6666666666667,706.6666666666665,74494.47359378845,197030.90463537665,0.3731132075471699,0.37808522338994055,9,25,1,281.0,13013,8721,4292,0.0322902796271638,0.06695652173913047,21,118.10335266700388,281.0,399.1033526670039,5,7,False,"{0: np.int64(3), 1: np.int64(19), 2: np.int64(15), 3: np.int64(25), 4: np.int64(29)}","{(0, 1): [(np.int64(3), 19)], (0, 2): [(np.int64(3), 30), (30, 39), (39, 38), (38, 2), (2, 32), (32, 34), (34, 24), (24, 25), (25, 9), (9, 15)], (0, 4): [(np.int64(3), 30), (30, 39), (39, 38), (38, 2), (2, 32), (32, 34), (34, 24), (24, 25), (25, 9), (9, 29)], (1, 2): []}","{(0, np.int64(3)): {'cpu': 6, 'gpu': 7, 'ram': 3}, (1, np.int64(19)): {'cpu': 12, 'gpu': 13, 'ram': 10}, (2, np.int64(15)): {'cpu': 10, 'gpu': 5, 'ram': 18}, (3, np.int64(25)): {'cpu': 14, 'gpu': 15, 'ram': 3}, (4, np.int64(29)): {'cpu': 8, 'gpu': 10, 'ram': 14}}","{((0, 1), (np.int64(3), 19)): {'bw': 18}, ((0, 2), (np.int64(3), 30)): {'bw': 5}, ((0, 2), (30, 39)): {'bw': 5}, ((0, 2), (39, 38)): {'bw': 5}, ((0, 2), (38, 2)): {'bw': 5}, ((0, 2), (2, 32)): {'bw': 5}, ((0, 2), (32, 34)): {'bw': 5}, ((0, 2), (34, 24)): {'bw': 5}, ((0, 2), (24, 25)): {'bw': 5}, ((0, 2), (25, 9)): {'bw': 5}, ((0, 2), (9, 15)): {'bw': 5}, ((0, 4), (np.int64(3), 30)): {'bw': 4}, ((0, 4), (30, 39)): {'bw': 4}, ((0, 4), (39, 38)): {'bw': 4}, ((0, 4), (38, 2)): {'bw': 4}, ((0, 4), (2, 32)): {'bw': 4}, ((0, 4), (32, 34)): {'bw': 4}, ((0, 4), (34, 24)): {'bw': 4}, ((0, 4), (24, 25)): {'bw': 4}, ((0, 4), (25, 9)): {'bw': 4}, ((0, 4), (9, 29)): {'bw': 4}}",OrderedDict(),OrderedDict(),OrderedDict(),[],,0.0,0.0,98.66666666666667,49.333333333333336,57,0.0,0,0.0,0,0,0.0,0.0,0.0,0.0,Route Failure,0.0,0.0,0.0,0.0,0.0,0.0,0.0,True,False,False,0,[],5.0,4.0
23,6,5,380.0,1100.0,82523.14225774264,224176.54653642522,0.34545454545454546,0.3681167523219647,13,26,1,291.0,12509,8555,3954,0.05071016422547714,0.14043478260869569,22,69.01434381622515,291.0,360.01434381622516,5,6,True,"{0: np.int64(3), 1: np.int64(19), 2: np.int64(15), 3: np.int64(25), 4: np.int64(29)}","{(0, 3): [(np.int64(3), 30), (30, 39), (39, 38), (38, 2), (2, 32), (32, 34), (34, 7), (7, 25)], (1, 2): [(np.int64(19), 3), (3, 30), (30, 39), (39, 38), (38, 2), (2, 32), (32, 34), (34, 7), (7, 8), (8, 9), (9, 15)], (1, 3): [(np.int64(19), 3), (3, 30), (30, 39), (39, 38), (38, 2), (2, 32), (32, 34), (34, 7), (7, 25)], (1, 4): [(np.int64(19), 3), (3, 30), (30, 39), (39, 38), (38, 2), (2, 32), (32, 34), (34, 7), (7, 8), (8, 9), (9, 29)], (2, 3): [(np.int64(15), 9), (9, 25)], (3, 4): [(np.int64(25), 9), (9, 29)]}","{(0, np.int64(3)): {'cpu': 8, 'gpu': 1, 'ram': 14}, (1, np.int64(19)): {'cpu': 4, 'gpu': 14, 'ram': 16}, (2, np.int64(15)): {'cpu': 17, 'gpu': 17, 'ram': 20}, (3, np.int64(25)): {'cpu': 1, 'gpu': 7, 'ram': 1}, (4, np.int64(29)): {'cpu': 18, 'gpu': 11, 'ram': 17}}","{((0, 3), (np.int64(3), 30)): {'bw': 12}, ((0, 3), (30, 39)): {'bw': 12}, ((0, 3), (39, 38)): {'bw': 12}, ((0, 3), (38, 2)): {'bw': 12}, ((0, 3), (2, 32)): {'bw': 12}, ((0, 3), (32, 34)): {'bw': 12}, ((0, 3), (34, 7)): {'bw': 12}, ((0, 3), (7, 25)): {'bw': 12}, ((1, 2), (np.int64(19), 3)): {'bw': 14}, ((1, 2), (3, 30)): {'bw': 14}, ((1, 2), (30, 39)): {'bw': 14}, ((1, 2), (39, 38)): {'bw': 14}, ((1, 2), (38, 2)): {'bw': 14}, ((1, 2), (2, 32)): {'bw': 14}, ((1, 2), (32, 34)): {'bw': 14}, ((1, 2), (34, 7)): {'bw': 14}, ((1, 2), (7, 8)): {'bw': 14}, ((1, 2), (8, 9)): {'bw': 14}, ((1, 2), (9, 15)): {'bw': 14}, ((1, 3), (np.int64(19), 3)): {'bw': 0}, ((1, 3), (3, 30)): {'bw': 0}, ((1, 3), (30, 39)): {'bw': 0}, ((1, 3), (39, 38)): {'bw': 0}, ((1, 3), (38, 2)): {'bw': 0}, ((1, 3), (2, 32)): {'bw': 0}, ((1, 3), (32, 34)): {'bw': 0}, ((1, 3), (34, 7)): {'bw': 0}, ((1, 3), (7, 25)): {'bw': 0}, ((1, 4), (np.int64(19), 3)): {'bw': 2}, ((1, 4), (3, 30)): {'bw': 2}, ((1, 4), (30, 39)): {'bw': 2}, ((1, 4), (39, 38)): {'bw': 2}, ((1, 4), (38, 2)): {'bw': 2}, ((1, 4), (2, 32)): {'bw': 2}, ((1, 4), (32, 34)): {'bw': 2}, ((1, 4), (34, 7)): {'bw': 2}, ((1, 4), (7, 8)): {'bw': 2}, ((1, 4), (8, 9)): {'bw': 2}, ((1, 4), (9, 29)): {'bw': 2}, ((2, 3), (np.int64(15), 9)): {'bw': 19}, ((2, 3), (9, 25)): {'bw': 19}, ((3, 4), (np.int64(25), 9)): {'bw': 14}, ((3, 4), (9, 29)): {'bw': 14}}",OrderedDict(),OrderedDict(),OrderedDict(),[],,393.33333333333337,116.33333333333334,110.66666666666667,55.333333333333336,61,55.333333333333336,61,55.333333333333336,338,277,0.2957627118644068,27145.641901048562,8028.668663954193,20.411869484629303,Success,0.0,0.0,0.0,0.0,0.0,0.0,0.0,True,True,False,0,[],5.0,6.0
24,6,5,380.0,1100.0,82523.14225774264,224176.54653642522,0.34545454545454546,0.3681167523219647,13,27,1,303.0,12509,8555,3954,0.05071016422547714,0.14043478260869569,23,189.48098306823778,303.0,492.4809830682378,4,4,False,"{0: np.int64(37), 1: np.int64(30), 2: np.int64(20), 3: np.int64(25)}","{(0, 2): []}","{(0, np.int64(37)): {'cpu': 18, 'gpu': 14, 'ram': 18}, (1, np.int64(30)): {'cpu': 11, 'gpu': 0, 'ram': 4}, (2, np.int64(20)): {'cpu': 20, 'gpu': 12, 'ram': 7}, (3, np.int64(25)): {'cpu': 9, 'gpu': 9, 'ram': 3}}",{},OrderedDict(),OrderedDict(),OrderedDict(),[],,0.0,0.0,83.33333333333333,41.666666666666664,53,0.0,0,0.0,0,0,0.0,0.0,0.0,0.0,Route Failure,0.0,0.0,0.0,0.0,0.0,0.0,0.0,True,False,False,0,[],4.0,1.0
25,6,5,380.0,1100.0,82523.14225774264,224176.54653642522,0.34545454545454546,0.3681167523219647,13,28,1,313.0,12509,8555,3954,0.05071016422547714,0.14043478260869569,24,226.051028173193,313.0,539.051028173193,2,1,False,"{0: np.int64(37), 1: np.int64(30)}","{(0, 1): []}","{(0, np.int64(37)): {'cpu': 13, 'gpu': 13, 'ram': 19}, (1, np.int64(30)): {'cpu': 16, 'gpu': 18, 'ram': 17}}",{},OrderedDict(),OrderedDict(),OrderedDict(),[],,0.0,0.0,64.0,32.0,7,0.0,0,0.0,0,0,0.0,0.0,0.0,0.0,Route Failure,0.0,0.0,0.0,0.0,0.0,0.0,0.0,True,False,False,0,[],2.0,1.0
25,6,5,380.0,1100.0,82523.14225774264,224176.54653642522,0.34545454545454546,0.3681167523219647,13,29,0,319.78285915037816,12509,8555,3954,0.05071016422547714,0.14043478260869569,4,267.78285915037816,52.0,319.78285915037816,5,5,False,{},{},{},{},OrderedDict(),OrderedDict(),OrderedDict(),[319.78285915037816],319.78285915037816,0.0,0.0,0.0,0.0,0,0.0,0,0.0,0,0,0.0,0.0,0.0,0.0,Leave Event,0.0,0.0,0.0,0.0,0.0,0.0,0.0,True,True,False,0,[],,
26,7,6,445.0,1315.0,109967.04512889723,314952.5329563981,0.33840304182509506,0.34915434429645,15,30,1,326.0,12220,8444,3776,0.06302707501109628,0.1791304347826087,25,422.2138903254551,326.0,748.2138903254552,3,2,True,"{0: np.int64(37), 1: np.int64(30), 2: np.int64(20)}","{(0, 2): [(np.int64(37), 36), (36, 2), (2, 4), (4, 29), (29, 15), (15, 12), (12, 20)], (1, 2): [(np.int64(30), 3), (3, 4), (4, 29), (29, 15), (15, 12), (12, 20)]}","{(0, np.int64(37)): {'cpu': 17, 'gpu': 10, 'ram': 1}, (1, np.int64(30)): {'cpu': 14, 'gpu': 20, 'ram': 20}, (2, np.int64(20)): {'cpu': 3, 'gpu': 10, 'ram': 16}}","{((0, 2), (np.int64(37), 36)): {'bw': 10}, ((0, 2), (36, 2)): {'bw': 10}, ((0, 2), (2, 4)): {'bw': 10}, ((0, 2), (4, 29)): {'bw': 10}, ((0, 2), (29, 15)): {'bw': 10}, ((0, 2), (15, 12)): {'bw': 10}, ((0, 2), (12, 20)): {'bw': 10}, ((1, 2), (np.int64(30), 3)): {'bw': 18}, ((1, 2), (3, 4)): {'bw': 18}, ((1, 2), (4, 29)): {'bw': 18}, ((1, 2), (29, 15)): {'bw': 18}, ((1, 2), (15, 12)): {'bw': 18}, ((1, 2), (12, 20)): {'bw': 18}}",OrderedDict(),OrderedDict(),OrderedDict(),[],,215.0,65.0,74.0,37.0,28,37.0,28,37.0,178,150,0.3023255813953488,90775.98641997285,27443.902871154583,127.64605986583526,Success,0.0,0.0,0.0,0.0,0.0,0.0,0.0,True,True,False,0,[],3.0,2.0
27,8,7,485.0,1379.0,121513.53134748914,333426.9109061452,0.35170413343002177,0.3644382842922161,16,31,1,340.0,12092,8348,3744,0.07367953839325347,0.18608695652173912,26,288.66215546479805,340.0,628.662155464798,3,2,True,"{0: np.int64(25), 1: np.int64(33), 2: np.int64(38)}","{(0, 1): [(np.int64(25), 7), (7, 34), (34, 33)], (0, 2): [(np.int64(25), 7), (7, 34), (34, 32), (32, 2), (2, 38)]}","{(0, np.int64(25)): {'cpu': 20, 'gpu': 6, 'ram': 20}, (1, np.int64(33)): {'cpu': 16, 'gpu': 9, 'ram': 12}, (2, np.int64(38)): {'cpu': 2, 'gpu': 2, 'ram': 9}}","{((0, 1), (np.int64(25), 7)): {'bw': 4}, ((0, 1), (7, 34)): {'bw': 4}, ((0, 1), (34, 33)): {'bw': 4}, ((0, 2), (np.int64(25), 7)): {'bw': 4}, ((0, 2), (7, 34)): {'bw': 4}, ((0, 2), (34, 32)): {'bw': 4}, ((0, 2), (32, 2)): {'bw': 4}, ((0, 2), (2, 38)): {'bw': 4}}",OrderedDict(),OrderedDict(),OrderedDict(),[],,64.0,40.0,64.0,32.0,8,32.0,8,32.0,32,24,0.625,18474.377949747075,11546.486218591923,180.4138471654988,Success,0.0,0.0,0.0,0.0,0.0,0.0,0.0,True,True,False,0,[],3.0,2.0
28,8,7,485.0,1379.0,121513.53134748914,333426.9109061452,0.35170413343002177,0.3644382842922161,16,32,1,352.0,12092,8348,3744,0.07367953839325347,0.18608695652173912,27,2227.2486903045265,352.0,2579.2486903045265,3,2,False,"{0: np.int64(24), 1: np.int64(6), 2: np.int64(32)}","{(0, 1): []}","{(0, np.int64(24)): {'cpu': 9, 'gpu': 8, 'ram': 7}, (1, np.int64(6)): {'cpu': 10, 'gpu': 1, 'ram': 0}, (2, np.int64(32)): {'cpu': 12, 'gpu': 5, 'ram': 1}}",{},OrderedDict(),OrderedDict(),OrderedDict(),[],,0.0,0.0,35.333333333333336,17.666666666666668,21,0.0,0,0.0,0,0,0.0,0.0,0.0,0.0,Route Failure,0.0,0.0,0.0,0.0,0.0,0.0,0.0,True,False,False,0,[],3.0,1.0
28,8,6,485.0,1379.0,121513.53134748914,333426.9109061452,0.35170413343002177,0.3644382842922161,16,33,0,360.01434381622516,12596,8514,4082,0.05525965379494013,0.1126086956521739,22,69.01434381622515,291.0,360.01434381622516,5,6,False,{},{},{},{},OrderedDict(),OrderedDict(),OrderedDict(),[360.01434381622516],360.01434381622516,0.0,0.0,0.0,0.0,0,0.0,0,0.0,0,0,0.0,0.0,0.0,0.0,Leave Event,0.0,0.0,0.0,0.0,0.0,0.0,0.0,True,True,False,0,[],,
29,9,7,555.0,1579.0,125280.76028622431,344190.4221596742,0.35148828372387586,0.3639867707536179,16,34,1,363.0,12320,8400,3920,0.0679094540612517,0.14782608695652177,28,53.81755626764529,363.0,416.8175562676453,3,2,True,"{0: np.int64(3), 1: np.int64(19), 2: np.int64(15)}","{(0, 1): [(np.int64(3), 19)], (1, 2): [(np.int64(19), 3), (3, 30), (30, 39), (39, 38), (38, 2), (2, 32), (32, 34), (34, 7), (7, 8), (8, 9), (9, 15)]}","{(0, np.int64(3)): {'cpu': 18, 'gpu': 18, 'ram': 18}, (1, np.int64(19)): {'cpu': 20, 'gpu': 7, 'ram': 3}, (2, np.int64(15)): {'cpu': 8, 'gpu': 10, 'ram': 12}}","{((0, 1), (np.int64(3), 19)): {'bw': 19}, ((1, 2), (np.int64(19), 3)): {'bw': 13}, ((1, 2), (3, 30)): {'bw': 13}, ((1, 2), (30, 39)): {'bw': 13}, ((1, 2), (39, 38)): {'bw': 13}, ((1, 2), (38, 2)): {'bw': 13}, ((1, 2), (2, 32)): {'bw': 13}, ((1, 2), (32, 34)): {'bw': 13}, ((1, 2), (34, 7)): {'bw': 13}, ((1, 2), (7, 8)): {'bw': 13}, ((1, 2), (8, 9)): {'bw': 13}, ((1, 2), (9, 15)): {'bw': 13}}",OrderedDict(),OrderedDict(),OrderedDict(),[],,200.0,70.0,76.0,38.0,32,38.0,32,38.0,162,130,0.35,10763.511253529057,3767.2289387351702,18.83614469367585,Success,0.0,0.0,0.0,0.0,0.0,0.0,0.0,True,True,False,0,[],3.0,2.0
30,10,8,583.3333333333334,1683.3333333333333,128600.0317576912,356413.1512251935,0.34653465346534656,0.3608173023796125,17,35,1,378.0,12197,8372,3825,0.07101642254771412,0.1684782608695652,29,117.15075781647884,378.0,495.15075781647886,2,1,True,"{0: np.int64(0), 1: np.int64(29)}","{(0, 1): [(np.int64(0), 34), (34, 7), (7, 8), (8, 9), (9, 29)]}","{(0, np.int64(0)): {'cpu': 0, 'gpu': 3, 'ram': 3}, (1, np.int64(29)): {'cpu': 10, 'gpu': 6, 'ram': 6}}","{((0, 1), (np.int64(0), 34)): {'bw': 19}, ((0, 1), (34, 7)): {'bw': 19}, ((0, 1), (7, 8)): {'bw': 19}, ((0, 1), (8, 9)): {'bw': 19}, ((0, 1), (9, 29)): {'bw': 19}}",OrderedDict(),OrderedDict(),OrderedDict(),[],,104.33333333333334,28.333333333333336,18.666666666666668,9.333333333333334,19,9.333333333333334,19,9.333333333333334,95,76,0.2715654952076677,12222.729065519294,3319.271471466901,31.814103560385625,Success,0.0,0.0,0.0,0.0,0.0,0.0,0.0,True,True,False,0,[],2.0,1.0
31,11,9,625.0,1727.0,132264.89745424542,360253.93047518237,0.36189924724956574,0.3671435236800478,18,36,1,395.0,12092,8280,3812,0.08122503328894803,0.17130434782608694,30,87.95677671730145,395.0,482.95677671730147,3,2,True,"{0: np.int64(0), 1: np.int64(2), 2: np.int64(24)}","{(0, 1): [(np.int64(0), 2)], (0, 2): [(np.int64(0), 34), (34, 24)]}","{(0, np.int64(0)): {'cpu': 2, 'gpu': 6, 'ram': 0}, (1, np.int64(2)): {'cpu': 18, 'gpu': 20, 'ram': 4}, (2, np.int64(24)): {'cpu': 18, 'gpu': 11, 'ram': 13}}","{((0, 1), (np.int64(0), 2)): {'bw': 9}, ((0, 2), (np.int64(0), 34)): {'bw': 2}, ((0, 2), (34, 24)): {'bw': 2}}",OrderedDict(),OrderedDict(),OrderedDict(),[],,43.66666666666667,41.66666666666667,61.333333333333336,30.666666666666668,11,30.666666666666668,11,30.666666666666668,13,2,0.9541984732824428,3840.7792499888305,3664.8656965542277,83.92822205849376,Success,0.0,0.0,0.0,0.0,0.0,0.0,0.0,True,True,False,0,[],3.0,2.0
31,11,9,625.0,1727.0,132264.89745424542,360253.93047518237,0.36189924724956574,0.3671435236800478,18,37,0,396.5412081515425,12092,8280,3812,0.08122503328894803,0.17130434782608694,7,304.5412081515425,92.0,396.5412081515425,5,4,False,{},{},{},{},OrderedDict(),OrderedDict(),OrderedDict(),[396.5412081515425],396.5412081515425,0.0,0.0,0.0,0.0,0,0.0,0,0.0,0,0,0.0,0.0,0.0,0.0,Leave Event,0.0,0.0,0.0,0.0,0.0,0.0,0.0,True,True,False,0,[],,
31,11,9,625.0,1727.0,132264.89745424542,360253.93047518237,0.36189924724956574,0.3671435236800478,18,38,0,399.1033526670039,12092,8280,3812,0.08122503328894803,0.17130434782608694,21,118.10335266700388,281.0,399.1033526670039,5,7,False,{},{},{},{},OrderedDict(),OrderedDict(),OrderedDict(),[399.1033526670039],399.1033526670039,0.0,0.0,0.0,0.0,0,0.0,0,0.0,0,0,0.0,0.0,0.0,0.0,Leave Event,0.0,0.0,0.0,0.0,0.0,0.0,0.0,True,True,False,0,[],,
32,12,10,646.3333333333334,1754.3333333333333,143558.15318658052,374723.4143822367,0.368421052631579,0.38310430487309766,19,39,1,409.0,12034,8234,3800,0.08632933865956505,0.17391304347826086,31,529.3713624532078,409.0,938.3713624532078,2,1,True,"{0: np.int64(0), 1: np.int64(6)}","{(0, 1): [(np.int64(0), 4), (4, 6)]}","{(0, np.int64(0)): {'cpu': 1, 'gpu': 15, 'ram': 12}, (1, np.int64(6)): {'cpu': 12, 'gpu': 1, 'ram': 5}}","{((0, 1), (np.int64(0), 4)): {'bw': 6}, ((0, 1), (4, 6)): {'bw': 6}}",OrderedDict(),OrderedDict(),OrderedDict(),[],,27.333333333333336,21.333333333333336,30.666666666666668,15.333333333333334,6,15.333333333333334,6,15.333333333333334,12,6,0.7804878048780488,14469.483907054348,11293.255732335101,413.1678926464061,Success,0.0,0.0,0.0,0.0,0.0,0.0,0.0,True,True,False,0,[],2.0,1.0
32,12,10,646.3333333333334,1754.3333333333333,143558.15318658052,374723.4143822367,0.368421052631579,0.38310430487309766,19,40,0,410.9136391555293,12034,8234,3800,0.08632933865956505,0.17391304347826086,3,368.9136391555293,42.0,410.9136391555293,2,1,False,{},{},{},{},OrderedDict(),OrderedDict(),OrderedDict(),[410.9136391555293],410.9136391555293,0.0,0.0,0.0,0.0,0,0.0,0,0.0,0,0,0.0,0.0,0.0,0.0,Leave Event,0.0,0.0,0.0,0.0,0.0,0.0,0.0,True,True,False,0,[],,
32,12,9,646.3333333333334,1754.3333333333333,143558.15318658052,374723.4143822367,0.368421052631579,0.38310430487309766,19,41,0,416.8175562676453,12310,8348,3962,0.07367953839325347,0.138695652173913,28,53.81755626764529,363.0,416.8175562676453,3,2,False,{},{},{},{},OrderedDict(),OrderedDict(),OrderedDict(),[416.8175562676453],416.8175562676453,0.0,0.0,0.0,0.0,0,0.0,0,0.0,0,0,0.0,0.0,0.0,0.0,Leave Event,0.0,0.0,0.0,0.0,0.0,0.0,0.0,True,True,False,0,[],,
33,13,10,756.0,2137.0,159573.90251732914,430608.1567278276,0.3537669630322883,0.370577983775143,20,42,1,422.0,11820,8187,3633,0.0915446071904128,0.2102173913043478,32,146.04026745363484,422.0,568.0402674536349,5,6,True,"{0: np.int64(3), 1: np.int64(19), 2: np.int64(15), 3: np.int64(32), 4: np.int64(34)}","{(0, 2): [(np.int64(3), 5), (5, 23), (23, 29), (29, 15)], (0, 4): [(np.int64(3), 5), (5, 23), (23, 29), (29, 9), (9, 8), (8, 7), (7, 34)], (1, 2): [(np.int64(19), 3), (3, 5), (5, 23), (23, 29), (29, 15)], (1, 3): [(np.int64(19), 3), (3, 5), (5, 23), (23, 29), (29, 9), (9, 8), (8, 7), (7, 34), (34, 32)], (1, 4): [(np.int64(19), 3), (3, 5), (5, 23), (23, 29), (29, 9), (9, 8), (8, 7), (7, 34)], (2, 3): [(np.int64(15), 9), (9, 8), (8, 7), (7, 34), (34, 32)]}","{(0, np.int64(3)): {'cpu': 1, 'gpu': 6, 'ram': 19}, (1, np.int64(19)): {'cpu': 10, 'gpu': 11, 'ram': 2}, (2, np.int64(15)): {'cpu': 6, 'gpu': 18, 'ram': 12}, (3, np.int64(32)): {'cpu': 6, 'gpu': 18, 'ram': 9}, (4, np.int64(34)): {'cpu': 6, 'gpu': 18, 'ram': 19}}","{((0, 2), (np.int64(3), 5)): {'bw': 8}, ((0, 2), (5, 23)): {'bw': 8}, ((0, 2), (23, 29)): {'bw': 8}, ((0, 2), (29, 15)): {'bw': 8}, ((0, 4), (np.int64(3), 5)): {'bw': 5}, ((0, 4), (5, 23)): {'bw': 5}, ((0, 4), (23, 29)): {'bw': 5}, ((0, 4), (29, 9)): {'bw': 5}, ((0, 4), (9, 8)): {'bw': 5}, ((0, 4), (8, 7)): {'bw': 5}, ((0, 4), (7, 34)): {'bw': 5}, ((1, 2), (np.int64(19), 3)): {'bw': 20}, ((1, 2), (3, 5)): {'bw': 20}, ((1, 2), (5, 23)): {'bw': 20}, ((1, 2), (23, 29)): {'bw': 20}, ((1, 2), (29, 15)): {'bw': 20}, ((1, 3), (np.int64(19), 3)): {'bw': 11}, ((1, 3), (3, 5)): {'bw': 11}, ((1, 3), (5, 23)): {'bw': 11}, ((1, 3), (23, 29)): {'bw': 11}, ((1, 3), (29, 9)): {'bw': 11}, ((1, 3), (9, 8)): {'bw': 11}, ((1, 3), (8, 7)): {'bw': 11}, ((1, 3), (7, 34)): {'bw': 11}, ((1, 3), (34, 32)): {'bw': 11}, ((1, 4), (np.int64(19), 3)): {'bw': 1}, ((1, 4), (3, 5)): {'bw': 1}, ((1, 4), (5, 23)): {'bw': 1}, ((1, 4), (23, 29)): {'bw': 1}, ((1, 4), (29, 9)): {'bw': 1}, ((1, 4), (9, 8)): {'bw': 1}, ((1, 4), (8, 7)): {'bw': 1}, ((1, 4), (7, 34)): {'bw': 1}, ((2, 3), (np.int64(15), 9)): {'bw': 11}, ((2, 3), (9, 8)): {'bw': 11}, ((2, 3), (8, 7)): {'bw': 11}, ((2, 3), (7, 34)): {'bw': 11}, ((2, 3), (34, 32)): {'bw': 11}}",OrderedDict(),OrderedDict(),OrderedDict(),[],,382.66666666666663,109.66666666666666,107.33333333333333,53.666666666666664,56,53.666666666666664,56,53.666666666666664,329,273,0.2865853658536585,55884.74234559092,16015.74933074862,41.85300347756608,Success,0.0,0.0,0.0,0.0,0.0,0.0,0.0,True,True,False,0,[],5.0,6.0
33,13,10,756.0,2137.0,159573.90251732914,430608.1567278276,0.3537669630322883,0.370577983775143,20,43,0,426.7592463656196,11820,8187,3633,0.0915446071904128,0.2102173913043478,15,222.75924636561962,204.0,426.7592463656196,2,1,False,{},{},{},{},OrderedDict(),OrderedDict(),OrderedDict(),[426.7592463656196],426.7592463656196,0.0,0.0,0.0,0.0,0,0.0,0,0.0,0,0,0.0,0.0,0.0,0.0,Leave Event,0.0,0.0,0.0,0.0,0.0,0.0,0.0,True,True,False,0,[],,
34,13,10,756.0,2137.0,159573.90251732914,430608.1567278276,0.3537669630322883,0.370577983775143,20,44,1,428.0,11820,8187,3633,0.0915446071904128,0.2102173913043478,33,313.97079053709615,428.0,741.9707905370961,2,1,False,"{0: np.int64(36), 1: np.int64(11)}","{(0, 1): []}","{(0, np.int64(36)): {'cpu': 15, 'gpu': 15, 'ram': 18}, (1, np.int64(11)): {'cpu': 12, 'gpu': 12, 'ram': 13}}",{},OrderedDict(),OrderedDict(),OrderedDict(),[],,0.0,0.0,56.666666666666664,28.333333333333332,12,0.0,0,0.0,0,0,0.0,0.0,0.0,0.0,Route Failure,0.0,0.0,0.0,0.0,0.0,0.0,0.0,True,False,False,0,[],2.0,1.0
35,13,10,756.0,2137.0,159573.90251732914,430608.1567278276,0.3537669630322883,0.370577983775143,20,45,1,440.0,11820,8187,3633,0.0915446071904128,0.2102173913043478,34,140.13850685143188,440.0,580.1385068514319,5,5,False,"{0: np.int64(36), 1: np.int64(11), 2: np.int64(19), 3: np.int64(13), 4: np.int64(22)}","{(0, 2): [(np.int64(36), 2), (2, 38), (38, 39), (39, 30), (30, 3), (3, 19)], (0, 4): [(np.int64(36), 2), (2, 32), (32, 34), (34, 24), (24, 25), (25, 9), (9, 29), (29, 23), (23, 22)], (1, 3): [(np.int64(11), 13)], (2, 3): [(np.int64(19), 3), (3, 30), (30, 39), (39, 38), (38, 2), (2, 32), (32, 34), (34, 24), (24, 25), (25, 9), (9, 15), (15, 12), (12, 13)], (2, 4): []}","{(0, np.int64(36)): {'cpu': 9, 'gpu': 5, 'ram': 0}, (1, np.int64(11)): {'cpu': 6, 'gpu': 15, 'ram': 16}, (2, np.int64(19)): {'cpu': 4, 'gpu': 5, 'ram': 16}, (3, np.int64(13)): {'cpu': 16, 'gpu': 5, 'ram': 0}, (4, np.int64(22)): {'cpu': 8, 'gpu': 17, 'ram': 10}}","{((0, 2), (np.int64(36), 2)): {'bw': 12}, ((0, 2), (2, 38)): {'bw': 12}, ((0, 2), (38, 39)): {'bw': 12}, ((0, 2), (39, 30)): {'bw': 12}, ((0, 2), (30, 3)): {'bw': 12}, ((0, 2), (3, 19)): {'bw': 12}, ((0, 4), (np.int64(36), 2)): {'bw': 0}, ((0, 4), (2, 32)): {'bw': 0}, ((0, 4), (32, 34)): {'bw': 0}, ((0, 4), (34, 24)): {'bw': 0}, ((0, 4), (24, 25)): {'bw': 0}, ((0, 4), (25, 9)): {'bw': 0}, ((0, 4), (9, 29)): {'bw': 0}, ((0, 4), (29, 23)): {'bw': 0}, ((0, 4), (23, 22)): {'bw': 0}, ((1, 3), (np.int64(11), 13)): {'bw': 7}, ((2, 3), (np.int64(19), 3)): {'bw': 19}, ((2, 3), (3, 30)): {'bw': 19}, ((2, 3), (30, 39)): {'bw': 19}, ((2, 3), (39, 38)): {'bw': 19}, ((2, 3), (38, 2)): {'bw': 19}, ((2, 3), (2, 32)): {'bw': 19}, ((2, 3), (32, 34)): {'bw': 19}, ((2, 3), (34, 24)): {'bw': 19}, ((2, 3), (24, 25)): {'bw': 19}, ((2, 3), (25, 9)): {'bw': 19}, ((2, 3), (9, 15)): {'bw': 19}, ((2, 3), (15, 12)): {'bw': 19}, ((2, 3), (12, 13)): {'bw': 19}}",OrderedDict(),OrderedDict(),OrderedDict(),[],,0.0,0.0,88.0,44.0,43,0.0,0,0.0,0,0,0.0,0.0,0.0,0.0,Route Failure,0.0,0.0,0.0,0.0,0.0,0.0,0.0,True,False,False,0,[],5.0,5.0
36,13,10,756.0,2137.0,159573.90251732914,430608.1567278276,0.3537669630322883,0.370577983775143,20,46,1,457.0,11820,8187,3633,0.0915446071904128,0.2102173913043478,35,86.56372638660338,457.0,543.5637263866033,3,3,False,"{0: np.int64(36), 1: np.int64(11), 2: np.int64(19)}","{(0, 1): []}","{(0, np.int64(36)): {'cpu': 4, 'gpu': 5, 'ram': 19}, (1, np.int64(11)): {'cpu': 19, 'gpu': 12, 'ram': 12}, (2, np.int64(19)): {'cpu': 4, 'gpu': 17, 'ram': 6}}",{},OrderedDict(),OrderedDict(),OrderedDict(),[],,0.0,0.0,65.33333333333333,32.666666666666664,43,0.0,0,0.0,0,0,0.0,0.0,0.0,0.0,Route Failure,0.0,0.0,0.0,0.0,0.0,0.0,0.0,True,False,False,0,[],3.0,1.0
37,14,11,838.3333333333334,2315.3333333333335,164388.5669796899,441036.6809681637,0.3620788943276706,0.37273218776003875,22,47,1,468.0,11553,8054,3499,0.1063027075011096,0.23934782608695648,36,58.47770602057608,468.0,526.4777060205761,4,3,True,"{0: np.int64(36), 1: np.int64(11), 2: np.int64(19), 3: np.int64(13)}","{(0, 2): [(np.int64(36), 2), (2, 4), (4, 3), (3, 19)], (0, 3): [(np.int64(36), 2), (2, 4), (4, 5), (5, 23), (23, 22), (22, 13)], (1, 3): [(np.int64(11), 13)]}","{(0, np.int64(36)): {'cpu': 0, 'gpu': 3, 'ram': 20}, (1, np.int64(11)): {'cpu': 15, 'gpu': 16, 'ram': 20}, (2, np.int64(19)): {'cpu': 10, 'gpu': 16, 'ram': 5}, (3, np.int64(13)): {'cpu': 3, 'gpu': 9, 'ram': 16}}","{((0, 2), (np.int64(36), 2)): {'bw': 17}, ((0, 2), (2, 4)): {'bw': 17}, ((0, 2), (4, 3)): {'bw': 17}, ((0, 2), (3, 19)): {'bw': 17}, ((0, 3), (np.int64(36), 2)): {'bw': 9}, ((0, 3), (2, 4)): {'bw': 9}, ((0, 3), (4, 5)): {'bw': 9}, ((0, 3), (5, 23)): {'bw': 9}, ((0, 3), (23, 22)): {'bw': 9}, ((0, 3), (22, 13)): {'bw': 9}, ((1, 3), (np.int64(11), 13)): {'bw': 12}}",OrderedDict(),OrderedDict(),OrderedDict(),[],,178.33333333333334,82.33333333333334,88.66666666666667,44.333333333333336,38,44.333333333333336,38,44.333333333333336,134,96,0.46168224299065425,10428.524240336068,4814.664462360764,26.99811848052765,Success,0.0,0.0,0.0,0.0,0.0,0.0,0.0,True,True,False,0,[],4.0,3.0
38,14,11,838.3333333333334,2315.3333333333335,164388.5669796899,441036.6809681637,0.3620788943276706,0.37273218776003875,22,48,1,476.0,11553,8054,3499,0.1063027075011096,0.23934782608695648,37,534.0360948995715,476.0,1010.0360948995715,5,7,False,"{0: np.int64(22), 1: np.int64(14), 2: np.int64(38), 3: np.int64(12), 4: np.int64(27)}","{(0, 1): [(np.int64(22), 12), (12, 14)], (0, 3): [(np.int64(22), 12)], (0, 4): [(np.int64(22), 27)], (1, 4): [(np.int64(14), 12), (12, 22), (22, 27)], (2, 3): []}","{(0, np.int64(22)): {'cpu': 15, 'gpu': 16, 'ram': 2}, (1, np.int64(14)): {'cpu': 6, 'gpu': 4, 'ram': 16}, (2, np.int64(38)): {'cpu': 14, 'gpu': 7, 'ram': 15}, (3, np.int64(12)): {'cpu': 1, 'gpu': 14, 'ram': 15}, (4, np.int64(27)): {'cpu': 4, 'gpu': 7, 'ram': 18}}","{((0, 1), (np.int64(22), 12)): {'bw': 11}, ((0, 1), (12, 14)): {'bw': 11}, ((0, 3), (np.int64(22), 12)): {'bw': 14}, ((0, 4), (np.int64(22), 27)): {'bw': 7}, ((1, 4), (np.int64(14), 12)): {'bw': 2}, ((1, 4), (12, 22)): {'bw': 2}, ((1, 4), (22, 27)): {'bw': 2}}",OrderedDict(),OrderedDict(),OrderedDict(),[],,0.0,0.0,102.66666666666667,51.333333333333336,61,0.0,0,0.0,0,0,0.0,0.0,0.0,0.0,Route Failure,0.0,0.0,0.0,0.0,0.0,0.0,0.0,True,False,False,0,[],5.0,5.0
39,14,11,838.3333333333334,2315.3333333333335,164388.5669796899,441036.6809681637,0.3620788943276706,0.37273218776003875,22,49,1,481.0,11553,8054,3499,0.1063027075011096,0.23934782608695648,38,74.35613569414551,481.0,555.3561356941455,5,7,False,"{0: np.int64(22), 1: np.int64(14), 2: np.int64(38), 3: np.int64(12), 4: np.int64(27)}","{(0, 3): [(np.int64(22), 12)], (0, 4): [(np.int64(22), 27)], (1, 3): [(np.int64(14), 12)], (1, 4): [(np.int64(14), 12), (12, 22), (22, 27)], (2, 3): [(np.int64(38), 39), (39, 30), (30, 0), (0, 34), (34, 24), (24, 25), (25, 9), (9, 15), (15, 12)], (2, 4): []}","{(0, np.int64(22)): {'cpu': 13, 'gpu': 5, 'ram': 17}, (1, np.int64(14)): {'cpu': 16, 'gpu': 19, 'ram': 5}, (2, np.int64(38)): {'cpu': 5, 'gpu': 11, 'ram': 4}, (3, np.int64(12)): {'cpu': 4, 'gpu': 8, 'ram': 1}, (4, np.int64(27)): {'cpu': 13, 'gpu': 0, 'ram': 5}}","{((0, 3), (np.int64(22), 12)): {'bw': 16}, ((0, 4), (np.int64(22), 27)): {'bw': 6}, ((1, 3), (np.int64(14), 12)): {'bw': 8}, ((1, 4), (np.int64(14), 12)): {'bw': 19}, ((1, 4), (12, 22)): {'bw': 19}, ((1, 4), (22, 27)): {'bw': 19}, ((2, 3), (np.int64(38), 39)): {'bw': 4}, ((2, 3), (39, 30)): {'bw': 4}, ((2, 3), (30, 0)): {'bw': 4}, ((2, 3), (0, 34)): {'bw': 4}, ((2, 3), (34, 24)): {'bw': 4}, ((2, 3), (24, 25)): {'bw': 4}, ((2, 3), (25, 9)): {'bw': 4}, ((2, 3), (9, 15)): {'bw': 4}, ((2, 3), (15, 12)): {'bw': 4}}",OrderedDict(),OrderedDict(),OrderedDict(),[],,0.0,0.0,84.0,42.0,83,0.0,0,0.0,0,0,0.0,0.0,0.0,0.0,Route Failure,0.0,0.0,0.0,0.0,0.0,0.0,0.0,True,False,False,0,[],5.0,6.0
39,14,10,838.3333333333334,2315.3333333333335,164388.5669796899,441036.6809681637,0.3620788943276706,0.37273218776003875,22,50,0,482.95677671730147,11658,8146,3512,0.09609409675987568,0.23652173913043473,30,87.95677671730145,395.0,482.95677671730147,3,2,False,{},{},{},{},OrderedDict(),OrderedDict(),OrderedDict(),[482.95677671730147],482.95677671730147,0.0,0.0,0.0,0.0,0,0.0,0,0.0,0,0,0.0,0.0,0.0,0.0,Leave Event,0.0,0.0,0.0,0.0,0.0,0.0,0.0,True,True,False,0,[],,
40,15,11,874.6666666666667,2427.666666666667,168364.89792883146,453330.4748200968,0.3602910888370177,0.37139549904657676,23,51,1,490.0,11511,8094,3417,0.10186418109187745,0.25717391304347825,39,109.44030135252027,490.0,599.4403013525202,2,1,True,"{0: np.int64(24), 1: np.int64(22)}","{(0, 1): [(np.int64(24), 25), (25, 9), (9, 29), (29, 23), (23, 22)]}","{(0, np.int64(24)): {'cpu': 10, 'gpu': 5, 'ram': 8}, (1, np.int64(22)): {'cpu': 3, 'gpu': 9, 'ram': 17}}","{((0, 1), (np.int64(24), 25)): {'bw': 19}, ((0, 1), (25, 9)): {'bw': 19}, ((0, 1), (9, 29)): {'bw': 19}, ((0, 1), (29, 23)): {'bw': 19}, ((0, 1), (23, 22)): {'bw': 19}}",OrderedDict(),OrderedDict(),OrderedDict(),[],,112.33333333333333,36.33333333333333,34.666666666666664,17.333333333333332,19,17.333333333333332,19,17.333333333333332,95,76,0.3234421364985163,12293.79385193311,3976.330949141569,35.39760488850062,Success,0.0,0.0,0.0,0.0,0.0,0.0,0.0,True,True,False,0,[],2.0,1.0
40,15,11,874.6666666666667,2427.666666666667,168364.89792883146,453330.4748200968,0.3602910888370177,0.37139549904657676,23,52,0,492.4809830682378,11511,8094,3417,0.10186418109187745,0.25717391304347825,23,189.48098306823778,303.0,492.4809830682378,4,4,False,{},{},{},{},OrderedDict(),OrderedDict(),OrderedDict(),[492.4809830682378],492.4809830682378,0.0,0.0,0.0,0.0,0,0.0,0,0.0,0,0,0.0,0.0,0.0,0.0,Leave Event,0.0,0.0,0.0,0.0,0.0,0.0,0.0,True,True,False,0,[],,
40,15,10,874.6666666666667,2427.666666666667,168364.89792883146,453330.4748200968,0.3602910888370177,0.37139549904657676,23,53,0,495.15075781647886,11634,8122,3512,0.09875721260541503,0.23652173913043473,29,117.15075781647884,378.0,495.15075781647886,2,1,False,{},{},{},{},OrderedDict(),OrderedDict(),OrderedDict(),[495.15075781647886],495.15075781647886,0.0,0.0,0.0,0.0,0,0.0,0,0.0,0,0,0.0,0.0,0.0,0.0,Leave Event,0.0,0.0,0.0,0.0,0.0,0.0,0.0,True,True,False,0,[],,
40,15,9,874.6666666666667,2427.666666666667,168364.89792883146,453330.4748200968,0.3602910888370177,0.37139549904657676,23,54,0,502.2662043787416,11772,8170,3602,0.09343098091433644,0.21695652173913038,16,287.2662043787416,215.0,502.2662043787416,2,1,False,{},{},{},{},OrderedDict(),OrderedDict(),OrderedDict(),[502.2662043787416],502.2662043787416,0.0,0.0,0.0,0.0,0,0.0,0,0.0,0,0,0.0,0.0,0.0,0.0,Leave Event,0.0,0.0,0.0,0.0,0.0,0.0,0.0,True,True,False,0,[],,
41,15,9,874.6666666666667,2427.666666666667,168364.89792883146,453330.4748200968,0.3602910888370177,0.37139549904657676,23,55,1,509.0,11772,8170,3602,0.09343098091433644,0.21695652173913038,40,230.00698277986,509.0,739.00698277986,4,5,False,"{0: np.int64(29), 1: np.int64(2), 2: np.int64(14), 3: np.int64(38)}","{(0, 1): []}","{(0, np.int64(29)): {'cpu': 8, 'gpu': 5, 'ram': 1}, (1, np.int64(2)): {'cpu': 10, 'gpu': 16, 'ram': 8}, (2, np.int64(14)): {'cpu': 1, 'gpu': 3, 'ram': 0}, (3, np.int64(38)): {'cpu': 14, 'gpu': 7, 'ram': 5}}",{},OrderedDict(),OrderedDict(),OrderedDict(),[],,0.0,0.0,52.0,26.0,50,0.0,0,0.0,0,0,0.0,0.0,0.0,0.0,Route Failure,0.0,0.0,0.0,0.0,0.0,0.0,0.0,True,False,False,0,[],4.0,1.0
41,15,8,874.6666666666667,2427.666666666667,168364.89792883146,453330.4748200968,0.3602910888370177,0.37139549904657676,23,56,0,518.7159431960364,11902,8237,3665,0.08599644917887261,0.20326086956521738,0,510.7159431960364,8.0,518.7159431960364,2,1,False,{},{},{},{},OrderedDict(),OrderedDict(),OrderedDict(),[518.7159431960364],518.7159431960364,0.0,0.0,0.0,0.0,0,0.0,0,0.0,0,0,0.0,0.0,0.0,0.0,Leave Event,0.0,0.0,0.0,0.0,0.0,0.0,0.0,True,True,False,0,[],,
42,15,8,874.6666666666667,2427.666666666667,168364.89792883146,453330.4748200968,0.3602910888370177,0.37139549904657676,23,57,1,523.0,11902,8237,3665,0.08599644917887261,0.20326086956521738,41,860.165825889022,523.0,1383.165825889022,5,6,False,"{0: np.int64(13), 1: np.int64(29), 2: np.int64(32), 3: np.int64(14), 4: np.int64(38)}","{(0, 3): [(np.int64(13), 14)], (0, 4): []}","{(0, np.int64(13)): {'cpu': 17, 'gpu': 5, 'ram': 11}, (1, np.int64(29)): {'cpu': 16, 'gpu': 19, 'ram': 1}, (2, np.int64(32)): {'cpu': 16, 'gpu': 15, 'ram': 7}, (3, np.int64(14)): {'cpu': 11, 'gpu': 13, 'ram': 16}, (4, np.int64(38)): {'cpu': 14, 'gpu': 11, 'ram': 7}}","{((0, 3), (np.int64(13), 14)): {'bw': 15}}",OrderedDict(),OrderedDict(),OrderedDict(),[],,0.0,0.0,119.33333333333333,59.666666666666664,47,0.0,0,0.0,0,0,0.0,0.0,0.0,0.0,Route Failure,0.0,0.0,0.0,0.0,0.0,0.0,0.0,True,False,False,0,[],5.0,2.0
42,15,7,874.6666666666667,2427.666666666667,168364.89792883146,453330.4748200968,0.3602910888370177,0.37139549904657676,23,58,0,526.4777060205761,12169,8370,3799,0.07123834886817582,0.1741304347826087,36,58.47770602057608,468.0,526.4777060205761,4,3,False,{},{},{},{},OrderedDict(),OrderedDict(),OrderedDict(),[526.4777060205761],526.4777060205761,0.0,0.0,0.0,0.0,0,0.0,0,0.0,0,0,0.0,0.0,0.0,0.0,Leave Event,0.0,0.0,0.0,0.0,0.0,0.0,0.0,True,True,False,0,[],,
42,15,6,874.6666666666667,2427.666666666667,168364.89792883146,453330.4748200968,0.3602910888370177,0.37139549904657676,23,59,0,527.1673534338059,12292,8479,3813,0.05914336440301815,0.1710869565217391,8,420.16735343380594,107.0,527.1673534338059,3,2,False,{},{},{},{},OrderedDict(),OrderedDict(),OrderedDict(),[527.1673534338059],527.1673534338059,0.0,0.0,0.0,0.0,0,0.0,0,0.0,0,0,0.0,0.0,0.0,0.0,Leave Event,0.0,0.0,0.0,0.0,0.0,0.0,0.0,True,True,False,0,[],,
43,16,7,889.3333333333334,2458.3333333333335,169113.96043103826,454896.6964156201,0.3617627118644068,0.3717634393997135,23,60,1,537.0,12240,8447,3793,0.06269418553040396,0.1754347826086956,42,51.07244333228212,537.0,588.0724433322821,2,1,True,"{0: np.int64(13), 1: np.int64(17)}","{(0, 1): [(np.int64(13), 12), (12, 15), (15, 29), (29, 4), (4, 17)]}","{(0, np.int64(13)): {'cpu': 10, 'gpu': 6, 'ram': 4}, (1, np.int64(17)): {'cpu': 5, 'gpu': 6, 'ram': 1}}","{((0, 1), (np.int64(13), 12)): {'bw': 4}, ((0, 1), (12, 15)): {'bw': 4}, ((0, 1), (15, 29)): {'bw': 4}, ((0, 1), (29, 4)): {'bw': 4}, ((0, 1), (4, 17)): {'bw': 4}}",OrderedDict(),OrderedDict(),OrderedDict(),[],,30.666666666666664,14.666666666666666,21.333333333333332,10.666666666666666,4,10.666666666666666,4,10.666666666666666,20,16,0.4782608695652174,1566.2215955233182,749.0625022068044,24.425951158917535,Success,0.0,0.0,0.0,0.0,0.0,0.0,0.0,True,True,False,0,[],2.0,1.0
43,16,7,889.3333333333334,2458.3333333333335,169113.96043103826,454896.6964156201,0.3617627118644068,0.3717634393997135,23,61,0,539.051028173193,12240,8447,3793,0.06269418553040396,0.1754347826086956,24,226.051028173193,313.0,539.051028173193,2,1,False,{},{},{},{},OrderedDict(),OrderedDict(),OrderedDict(),[539.051028173193],539.051028173193,0.0,0.0,0.0,0.0,0,0.0,0,0.0,0,0,0.0,0.0,0.0,0.0,Leave Event,0.0,0.0,0.0,0.0,0.0,0.0,0.0,True,True,False,0,[],,
43,16,7,889.3333333333334,2458.3333333333335,169113.96043103826,454896.6964156201,0.3617627118644068,0.3717634393997135,23,62,0,543.5637263866033,12240,8447,3793,0.06269418553040396,0.1754347826086956,35,86.56372638660338,457.0,543.5637263866033,3,3,False,{},{},{},{},OrderedDict(),OrderedDict(),OrderedDict(),[543.5637263866033],543.5637263866033,0.0,0.0,0.0,0.0,0,0.0,0,0.0,0,0,0.0,0.0,0.0,0.0,Leave Event,0.0,0.0,0.0,0.0,0.0,0.0,0.0,True,True,False,0,[],,
44,17,8,943.0,2735.0,217945.76823563766,706638.314290263,0.34478976234003655,0.3084261974310566,23,63,1,550.0,11898,8349,3549,0.07356857523302263,0.22847826086956524,43,909.9094621975045,550.0,1459.9094621975046,3,2,True,"{0: np.int64(18), 1: np.int64(13), 2: np.int64(17)}","{(0, 2): [(np.int64(18), 9), (9, 8), (8, 7), (7, 34), (34, 32), (32, 2), (2, 38), (38, 39), (39, 30), (30, 17)], (1, 2): [(np.int64(13), 12), (12, 15), (15, 9), (9, 8), (8, 7), (7, 34), (34, 32), (32, 2), (2, 38), (38, 39), (39, 30), (30, 17)]}","{(0, np.int64(18)): {'cpu': 5, 'gpu': 3, 'ram': 20}, (1, np.int64(13)): {'cpu': 5, 'gpu': 17, 'ram': 18}, (2, np.int64(17)): {'cpu': 6, 'gpu': 15, 'ram': 9}}","{((0, 2), (np.int64(18), 9)): {'bw': 4}, ((0, 2), (9, 8)): {'bw': 4}, ((0, 2), (8, 7)): {'bw': 4}, ((0, 2), (7, 34)): {'bw': 4}, ((0, 2), (34, 32)): {'bw': 4}, ((0, 2), (32, 2)): {'bw': 4}, ((0, 2), (2, 38)): {'bw': 4}, ((0, 2), (38, 39)): {'bw': 4}, ((0, 2), (39, 30)): {'bw': 4}, ((0, 2), (30, 17)): {'bw': 4}, ((1, 2), (np.int64(13), 12)): {'bw': 17}, ((1, 2), (12, 15)): {'bw': 17}, ((1, 2), (15, 9)): {'bw': 17}, ((1, 2), (9, 8)): {'bw': 17}, ((1, 2), (8, 7)): {'bw': 17}, ((1, 2), (7, 34)): {'bw': 17}, ((1, 2), (34, 32)): {'bw': 17}, ((1, 2), (32, 2)): {'bw': 17}, ((1, 2), (2, 38)): {'bw': 17}, ((1, 2), (38, 39)): {'bw': 17}, ((1, 2), (39, 30)): {'bw': 17}, ((1, 2), (30, 17)): {'bw': 17}}",OrderedDict(),OrderedDict(),OrderedDict(),[],,276.6666666666667,53.666666666666664,65.33333333333333,32.666666666666664,21,32.666666666666664,21,32.666666666666664,244,223,0.19397590361445782,251741.61787464292,48831.807804599404,176.5005101371063,Success,0.0,0.0,0.0,0.0,0.0,0.0,0.0,True,True,False,0,[],3.0,2.0
44,17,8,943.0,2735.0,217945.76823563766,706638.314290263,0.34478976234003655,0.3084261974310566,23,64,0,555.3561356941455,11898,8349,3549,0.07356857523302263,0.22847826086956524,38,74.35613569414551,481.0,555.3561356941455,5,7,False,{},{},{},{},OrderedDict(),OrderedDict(),OrderedDict(),[555.3561356941455],555.3561356941455,0.0,0.0,0.0,0.0,0,0.0,0,0.0,0,0,0.0,0.0,0.0,0.0,Leave Event,0.0,0.0,0.0,0.0,0.0,0.0,0.0,True,True,False,0,[],,
45,18,9,1051.3333333333333,2992.3333333333335,223418.48563758796,719638.1230112034,0.35134231926033194,0.3104594913659261,23,65,1,560.0,11536,8192,3344,0.09098979138925878,0.2730434782608696,44,50.51739140261818,560.0,610.5173914026182,5,6,True,"{0: np.int64(3), 1: np.int64(29), 2: np.int64(32), 3: np.int64(20), 4: np.int64(18)}","{(0, 1): [(np.int64(3), 4), (4, 29)], (0, 3): [(np.int64(3), 4), (4, 29), (29, 15), (15, 12), (12, 20)], (1, 2): [(np.int64(29), 4), (4, 16), (16, 34), (34, 32)], (1, 3): [(np.int64(29), 28), (28, 27), (27, 22), (22, 12), (12, 20)], (2, 4): [(np.int64(32), 34), (34, 24), (24, 25), (25, 9), (9, 18)], (3, 4): [(np.int64(20), 12), (12, 15), (15, 9), (9, 18)]}","{(0, np.int64(3)): {'cpu': 2, 'gpu': 13, 'ram': 2}, (1, np.int64(29)): {'cpu': 19, 'gpu': 4, 'ram': 20}, (2, np.int64(32)): {'cpu': 3, 'gpu': 17, 'ram': 10}, (3, np.int64(20)): {'cpu': 13, 'gpu': 6, 'ram': 17}, (4, np.int64(18)): {'cpu': 11, 'gpu': 15, 'ram': 5}}","{((0, 1), (np.int64(3), 4)): {'bw': 20}, ((0, 1), (4, 29)): {'bw': 20}, ((0, 3), (np.int64(3), 4)): {'bw': 4}, ((0, 3), (4, 29)): {'bw': 4}, ((0, 3), (29, 15)): {'bw': 4}, ((0, 3), (15, 12)): {'bw': 4}, ((0, 3), (12, 20)): {'bw': 4}, ((1, 2), (np.int64(29), 4)): {'bw': 4}, ((1, 2), (4, 16)): {'bw': 4}, ((1, 2), (16, 34)): {'bw': 4}, ((1, 2), (34, 32)): {'bw': 4}, ((1, 3), (np.int64(29), 28)): {'bw': 15}, ((1, 3), (28, 27)): {'bw': 15}, ((1, 3), (27, 22)): {'bw': 15}, ((1, 3), (22, 12)): {'bw': 15}, ((1, 3), (12, 20)): {'bw': 15}, ((2, 4), (np.int64(32), 34)): {'bw': 2}, ((2, 4), (34, 24)): {'bw': 2}, ((2, 4), (24, 25)): {'bw': 2}, ((2, 4), (25, 9)): {'bw': 2}, ((2, 4), (9, 18)): {'bw': 2}, ((3, 4), (np.int64(20), 12)): {'bw': 11}, ((3, 4), (12, 15)): {'bw': 11}, ((3, 4), (15, 9)): {'bw': 11}, ((3, 4), (9, 18)): {'bw': 11}}",OrderedDict(),OrderedDict(),OrderedDict(),[],,257.33333333333337,108.33333333333334,104.66666666666667,52.333333333333336,56,52.333333333333336,56,52.333333333333336,205,149,0.4209844559585492,12999.808720940413,5472.717401950304,21.267036536076308,Success,0.0,0.0,0.0,0.0,0.0,0.0,0.0,True,True,False,0,[],5.0,6.0
45,18,8,1051.3333333333333,2992.3333333333335,223418.48563758796,719638.1230112034,0.35134231926033194,0.3104594913659261,23,66,0,568.0402674536349,12026,8353,3673,0.07312472259209946,0.2015217391304348,32,146.04026745363484,422.0,568.0402674536349,5,6,False,{},{},{},{},OrderedDict(),OrderedDict(),OrderedDict(),[568.0402674536349],568.0402674536349,0.0,0.0,0.0,0.0,0,0.0,0,0.0,0,0,0.0,0.0,0.0,0.0,Leave Event,0.0,0.0,0.0,0.0,0.0,0.0,0.0,True,True,False,0,[],,
46,18,8,1051.3333333333333,2992.3333333333335,223418.48563758796,719638.1230112034,0.35134231926033194,0.3104594913659261,23,67,1,569.0,12026,8353,3673,0.07312472259209946,0.2015217391304348,45,1874.515725352295,569.0,2443.515725352295,3,2,False,"{0: np.int64(19), 1: np.int64(15), 2: np.int64(32)}","{(0, 2): []}","{(0, np.int64(19)): {'cpu': 2, 'gpu': 19, 'ram': 1}, (1, np.int64(15)): {'cpu': 1, 'gpu': 16, 'ram': 1}, (2, np.int64(32)): {'cpu': 14, 'gpu': 11, 'ram': 13}}",{},OrderedDict(),OrderedDict(),OrderedDict(),[],,0.0,0.0,52.0,26.0,19,0.0,0,0.0,0,0,0.0,0.0,0.0,0.0,Route Failure,0.0,0.0,0.0,0.0,0.0,0.0,0.0,True,False,False,0,[],3.0,1.0
46,18,8,1051.3333333333333,2992.3333333333335,223418.48563758796,719638.1230112034,0.35134231926033194,0.3104594913659261,23,68,0,580.1385068514319,12026,8353,3673,0.07312472259209946,0.2015217391304348,34,140.13850685143188,440.0,580.1385068514319,5,5,False,{},{},{},{},OrderedDict(),OrderedDict(),OrderedDict(),[580.1385068514319],580.1385068514319,0.0,0.0,0.0,0.0,0,0.0,0,0.0,0,0,0.0,0.0,0.0,0.0,Leave Event,0.0,0.0,0.0,0.0,0.0,0.0,0.0,True,True,False,0,[],,
47,18,8,1051.3333333333333,2992.3333333333335,223418.48563758796,719638.1230112034,0.35134231926033194,0.3104594913659261,23,69,1,581.0,12026,8353,3673,0.07312472259209946,0.2015217391304348,46,316.1683013326907,581.0,897.1683013326907,5,5,False,"{0: np.int64(19), 1: np.int64(15), 2: np.int64(32), 3: np.int64(2), 4: np.int64(34)}","{(0, 1): []}","{(0, np.int64(19)): {'cpu': 6, 'gpu': 2, 'ram': 3}, (1, np.int64(15)): {'cpu': 19, 'gpu': 5, 'ram': 20}, (2, np.int64(32)): {'cpu': 16, 'gpu': 7, 'ram': 7}, (3, np.int64(2)): {'cpu': 3, 'gpu': 15, 'ram': 7}, (4, np.int64(34)): {'cpu': 14, 'gpu': 14, 'ram': 19}}",{},OrderedDict(),OrderedDict(),OrderedDict(),[],,0.0,0.0,104.66666666666667,52.333333333333336,56,0.0,0,0.0,0,0,0.0,0.0,0.0,0.0,Route Failure,0.0,0.0,0.0,0.0,0.0,0.0,0.0,True,False,False,0,[],5.0,1.0
47,18,7,1051.3333333333333,2992.3333333333335,223418.48563758796,719638.1230112034,0.35134231926033194,0.3104594913659261,23,70,0,588.0724433322821,12078,8385,3693,0.06957390146471376,0.1971739130434783,42,51.07244333228212,537.0,588.0724433322821,2,1,False,{},{},{},{},OrderedDict(),OrderedDict(),OrderedDict(),[588.0724433322821],588.0724433322821,0.0,0.0,0.0,0.0,0,0.0,0,0.0,0,0,0.0,0.0,0.0,0.0,Leave Event,0.0,0.0,0.0,0.0,0.0,0.0,0.0,True,True,False,0,[],,
48,18,7,1051.3333333333333,2992.3333333333335,223418.48563758796,719638.1230112034,0.35134231926033194,0.3104594913659261,23,71,1,591.0,12078,8385,3693,0.06957390146471376,0.1971739130434783,47,1880.9635860597696,591.0,2471.9635860597696,5,6,False,"{0: np.int64(19), 1: np.int64(15), 2: np.int64(32), 3: np.int64(13), 4: np.int64(2)}","{(0, 2): []}","{(0, np.int64(19)): {'cpu': 13, 'gpu': 14, 'ram': 7}, (1, np.int64(15)): {'cpu': 4, 'gpu': 18, 'ram': 14}, (2, np.int64(32)): {'cpu': 19, 'gpu': 12, 'ram': 11}, (3, np.int64(13)): {'cpu': 6, 'gpu': 3, 'ram': 9}, (4, np.int64(2)): {'cpu': 11, 'gpu': 5, 'ram': 11}}",{},OrderedDict(),OrderedDict(),OrderedDict(),[],,0.0,0.0,104.66666666666667,52.333333333333336,51,0.0,0,0.0,0,0,0.0,0.0,0.0,0.0,Route Failure,0.0,0.0,0.0,0.0,0.0,0.0,0.0,True,False,False,0,[],5.0,1.0
48,18,6,1051.3333333333333,2992.3333333333335,223418.48563758796,719638.1230112034,0.35134231926033194,0.3104594913659261,23,72,0,599.4403013525202,12225,8437,3788,0.06380381713271199,0.17652173913043478,39,109.44030135252027,490.0,599.4403013525202,2,1,False,{},{},{},{},OrderedDict(),OrderedDict(),OrderedDict(),[599.4403013525202],599.4403013525202,0.0,0.0,0.0,0.0,0,0.0,0,0.0,0,0,0.0,0.0,0.0,0.0,Leave Event,0.0,0.0,0.0,0.0,0.0,0.0,0.0,True,True,False,0,[],,
49,18,6,1051.3333333333333,2992.3333333333335,223418.48563758796,719638.1230112034,0.35134231926033194,0.3104594913659261,23,73,1,603.0,12225,8437,3788,0.06380381713271199,0.17652173913043478,48,464.23925064171783,603.0,1067.2392506417177,4,4,False,"{0: np.int64(19), 1: np.int64(15), 2: np.int64(32), 3: np.int64(13)}","{(0, 2): []}","{(0, np.int64(19)): {'cpu': 8, 'gpu': 17, 'ram': 14}, (1, np.int64(15)): {'cpu': 18, 'gpu': 15, 'ram': 15}, (2, np.int64(32)): {'cpu': 11, 'gpu': 3, 'ram': 1}, (3, np.int64(13)): {'cpu': 19, 'gpu': 10, 'ram': 12}}",{},OrderedDict(),OrderedDict(),OrderedDict(),[],,0.0,0.0,95.33333333333333,47.666666666666664,42,0.0,0,0.0,0,0,0.0,0.0,0.0,0.0,Route Failure,0.0,0.0,0.0,0.0,0.0,0.0,0.0,True,False,False,0,[],4.0,1.0
49,18,5,1051.3333333333333,2992.3333333333335,223418.48563758796,719638.1230112034,0.35134231926033194,0.3104594913659261,23,74,0,606.6904645974297,12433,8504,3929,0.05636928539724806,0.14586956521739125,10,480.6904645974297,126.0,606.6904645974297,3,2,False,{},{},{},{},OrderedDict(),OrderedDict(),OrderedDict(),[606.6904645974297],606.6904645974297,0.0,0.0,0.0,0.0,0,0.0,0,0.0,0,0,0.0,0.0,0.0,0.0,Leave Event,0.0,0.0,0.0,0.0,0.0,0.0,0.0,True,True,False,0,[],,
49,18,4,1051.3333333333333,2992.3333333333335,223418.48563758796,719638.1230112034,0.35134231926033194,0.3104594913659261,23,75,0,610.5173914026182,12795,8661,4134,0.03894806924101202,0.101304347826087,44,50.51739140261818,560.0,610.5173914026182,5,6,False,{},{},{},{},OrderedDict(),OrderedDict(),OrderedDict(),[610.5173914026182],610.5173914026182,0.0,0.0,0.0,0.0,0,0.0,0,0.0,0,0,0.0,0.0,0.0,0.0,Leave Event,0.0,0.0,0.0,0.0,0.0,0.0,0.0,True,True,False,0,[],,
50,18,4,1051.3333333333333,2992.3333333333335,223418.48563758796,719638.1230112034,0.35134231926033194,0.3104594913659261,23,76,1,618.0,12795,8661,4134,0.03894806924101202,0.101304347826087,49,672.1226323433591,618.0,1290.122632343359,5,6,False,"{0: np.int64(32), 1: np.int64(12), 2: np.int64(2), 3: np.int64(19), 4: np.int64(15)}","{(0, 1): [(np.int64(32), 34), (34, 24), (24, 25), (25, 9), (9, 15), (15, 12)], (0, 3): []}","{(0, np.int64(32)): {'cpu': 2, 'gpu': 1, 'ram': 8}, (1, np.int64(12)): {'cpu': 1, 'gpu': 1, 'ram': 13}, (2, np.int64(2)): {'cpu': 16, 'gpu': 12, 'ram': 10}, (3, np.int64(19)): {'cpu': 1, 'gpu': 6, 'ram': 19}, (4, np.int64(15)): {'cpu': 16, 'gpu': 8, 'ram': 18}}","{((0, 1), (np.int64(32), 34)): {'bw': 0}, ((0, 1), (34, 24)): {'bw': 0}, ((0, 1), (24, 25)): {'bw': 0}, ((0, 1), (25, 9)): {'bw': 0}, ((0, 1), (9, 15)): {'bw': 0}, ((0, 1), (15, 12)): {'bw': 0}}",OrderedDict(),OrderedDict(),OrderedDict(),[],,0.0,0.0,88.0,44.0,43,0.0,0,0.0,0,0,0.0,0.0,0.0,0.0,Route Failure,0.0,0.0,0.0,0.0,0.0,0.0,0.0,True,False,False,0,[],5.0,2.0
50,18,4,1051.3333333333333,2992.3333333333335,223418.48563758796,719638.1230112034,0.35134231926033194,0.3104594913659261,23,77,0,621.498338921889,12795,8661,4134,0.03894806924101202,0.101304347826087,11,473.498338921889,148.0,621.498338921889,4,3,False,{},{},{},{},OrderedDict(),OrderedDict(),OrderedDict(),[621.498338921889],621.498338921889,0.0,0.0,0.0,0.0,0,0.0,0,0.0,0,0,0.0,0.0,0.0,0.0,Leave Event,0.0,0.0,0.0,0.0,0.0,0.0,0.0,True,True,False,0,[],,
50,18,3,1051.3333333333333,2992.3333333333335,223418.48563758796,719638.1230112034,0.35134231926033194,0.3104594913659261,23,78,0,628.662155464798,12923,8757,4166,0.028295605858854822,0.09434782608695658,26,288.66215546479805,340.0,628.662155464798,3,2,False,{},{},{},{},OrderedDict(),OrderedDict(),OrderedDict(),[628.662155464798],628.662155464798,0.0,0.0,0.0,0.0,0,0.0,0,0.0,0,0,0.0,0.0,0.0,0.0,Leave Event,0.0,0.0,0.0,0.0,0.0,0.0,0.0,True,True,False,0,[],,
50,18,3,1051.3333333333333,2992.3333333333335,223418.48563758796,719638.1230112034,0.35134231926033194,0.3104594913659261,23,79,0,640.7739863646179,12923,8757,4166,0.028295605858854822,0.09434782608695658,12,479.77398636461794,161.0,640.7739863646179,2,1,False,{},{},{},{},OrderedDict(),OrderedDict(),OrderedDict(),[640.7739863646179],640.7739863646179,0.0,0.0,0.0,0.0,0,0.0,0,0.0,0,0,0.0,0.0,0.0,0.0,Leave Event,0.0,0.0,0.0,0.0,0.0,0.0,0.0,True,True,False,0,[],,
50,18,3,1051.3333333333333,2992.3333333333335,223418.48563758796,719638.1230112034,0.35134231926033194,0.3104594913659261,23,80,0,739.00698277986,12923,8757,4166,0.028295605858854822,0.09434782608695658,40,230.00698277986,509.0,739.00698277986,4,5,False,{},{},{},{},OrderedDict(),OrderedDict(),OrderedDict(),[739.00698277986],739.00698277986,0.0,0.0,0.0,0.0,0,0.0,0,0.0,0,0,0.0,0.0,0.0,0.0,Leave Event,0.0,0.0,0.0,0.0,0.0,0.0,0.0,True,True,False,0,[],,
50,18,3,1051.3333333333333,2992.3333333333335,223418.48563758796,719638.1230112034,0.35134231926033194,0.3104594913659261,23,81,0,741.9707905370961,12923,8757,4166,0.028295605858854822,0.09434782608695658,33,313.97079053709615,428.0,741.9707905370961,2,1,False,{},{},{},{},OrderedDict(),OrderedDict(),OrderedDict(),[741.9707905370961],741.9707905370961,0.0,0.0,0.0,0.0,0,0.0,0,0.0,0,0,0.0,0.0,0.0,0.0,Leave Event,0.0,0.0,0.0,0.0,0.0,0.0,0.0,True,True,False,0,[],,
50,18,2,1051.3333333333333,2992.3333333333335,223418.48563758796,719638.1230112034,0.35134231926033194,0.3104594913659261,23,82,0,748.2138903254552,13212,8868,4344,0.015978695073235683,0.055652173913043446,25,422.2138903254551,326.0,748.2138903254552,3,2,False,{},{},{},{},OrderedDict(),OrderedDict(),OrderedDict(),[748.2138903254552],748.2138903254552,0.0,0.0,0.0,0.0,0,0.0,0,0.0,0,0,0.0,0.0,0.0,0.0,Leave Event,0.0,0.0,0.0,0.0,0.0,0.0,0.0,True,True,False,0,[],,
50,18,2,1051.3333333333333,2992.3333333333335,223418.48563758796,719638.1230112034,0.35134231926033194,0.3104594913659261,23,83,0,766.5694793251881,13212,8868,4344,0.015978695073235683,0.055652173913043446,14,572.5694793251881,194.0,766.5694793251881,4,4,False,{},{},{},{},OrderedDict(),OrderedDict(),OrderedDict(),[766.5694793251881],766.5694793251881,0.0,0.0,0.0,0.0,0,0.0,0,0.0,0,0,0.0,0.0,0.0,0.0,Leave Event,0.0,0.0,0.0,0.0,0.0,0.0,0.0,True,True,False,0,[],,
50,18,2,1051.3333333333333,2992.3333333333335,223418.48563758796,719638.1230112034,0.35134231926033194,0.3104594913659261,23,84,0,806.4562400290198,13212,8868,4344,0.015978695073235683,0.055652173913043446,19,549.4562400290198,257.0,806.4562400290198,3,2,False,{},{},{},{},OrderedDict(),OrderedDict(),OrderedDict(),[806.4562400290198],806.4562400290198,0.0,0.0,0.0,0.0,0,0.0,0,0.0,0,0,0.0,0.0,0.0,0.0,Leave Event,0.0,0.0,0.0,0.0,0.0,0.0,0.0,True,True,False,0,[],,
50,18,2,1051.3333333333333,2992.3333333333335,223418.48563758796,719638.1230112034,0.35134231926033194,0.3104594913659261,23,85,0,822.1274193633675,13212,8868,4344,0.015978695073235683,0.055652173913043446,6,744.1274193633675,78.0,822.1274193633675,5,6,False,{},{},{},{},OrderedDict(),OrderedDict(),OrderedDict(),[822.1274193633675],822.1274193633675,0.0,0.0,0.0,0.0,0,0.0,0,0.0,0,0,0.0,0.0,0.0,0.0,Leave Event,0.0,0.0,0.0,0.0,0.0,0.0,0.0,True,True,False,0,[],,
50,18,2,1051.3333333333333,2992.3333333333335,223418.48563758796,719638.1230112034,0.35134231926033194,0.3104594913659261,23,86,0,826.0539005666851,13212,8868,4344,0.015978695073235683,0.055652173913043446,17,598.0539005666851,228.0,826.0539005666851,2,1,False,{},{},{},{},OrderedDict(),OrderedDict(),OrderedDict(),[826.0539005666851],826.0539005666851,0.0,0.0,0.0,0.0,0,0.0,0,0.0,0,0,0.0,0.0,0.0,0.0,Leave Event,0.0,0.0,0.0,0.0,0.0,0.0,0.0,True,True,False,0,[],,
50,18,2,1051.3333333333333,2992.3333333333335,223418.48563758796,719638.1230112034,0.35134231926033194,0.3104594913659261,23,87,0,826.2987166471902,13212,8868,4344,0.015978695073235683,0.055652173913043446,20,555.2987166471902,271.0,826.2987166471902,4,5,False,{},{},{},{},OrderedDict(),OrderedDict(),OrderedDict(),[826.2987166471902],826.2987166471902,0.0,0.0,0.0,0.0,0,0.0,0,0.0,0,0,0.0,0.0,0.0,0.0,Leave Event,0.0,0.0,0.0,0.0,0.0,0.0,0.0,True,True,False,0,[],,
50,18,2,1051.3333333333333,2992.3333333333335,223418.48563758796,719638.1230112034,0.35134231926033194,0.3104594913659261,23,88,0,897.1683013326907,13212,8868,4344,0.015978695073235683,0.055652173913043446,46,316.1683013326907,581.0,897.1683013326907,5,5,False,{},{},{},{},OrderedDict(),OrderedDict(),OrderedDict(),[897.1683013326907],897.1683013326907,0.0,0.0,0.0,0.0,0,0.0,0,0.0,0,0,0.0,0.0,0.0,0.0,Leave Event,0.0,0.0,0.0,0.0,0.0,0.0,0.0,True,True,False,0,[],,
50,18,1,1051.3333333333333,2992.3333333333335,223418.48563758796,719638.1230112034,0.35134231926033194,0.3104594913659261,23,89,0,938.3713624532078,13270,8914,4356,0.01087438970261878,0.053043478260869525,31,529.3713624532078,409.0,938.3713624532078,2,1,False,{},{},{},{},OrderedDict(),OrderedDict(),OrderedDict(),[938.3713624532078],938.3713624532078,0.0,0.0,0.0,0.0,0,0.0,0,0.0,0,0,0.0,0.0,0.0,0.0,Leave Event,0.0,0.0,0.0,0.0,0.0,0.0,0.0,True,True,False,0,[],,
50,18,1,1051.3333333333333,2992.3333333333335,223418.48563758796,719638.1230112034,0.35134231926033194,0.3104594913659261,23,90,0,1010.0360948995715,13270,8914,4356,0.01087438970261878,0.053043478260869525,37,534.0360948995715,476.0,1010.0360948995715,5,7,False,{},{},{},{},OrderedDict(),OrderedDict(),OrderedDict(),[1010.0360948995715],1010.0360948995715,0.0,0.0,0.0,0.0,0,0.0,0,0.0,0,0,0.0,0.0,0.0,0.0,Leave Event,0.0,0.0,0.0,0.0,0.0,0.0,0.0,True,True,False,0,[],,
50,18,1,1051.3333333333333,2992.3333333333335,223418.48563758796,719638.1230112034,0.35134231926033194,0.3104594913659261,23,91,0,1067.2392506417177,13270,8914,4356,0.01087438970261878,0.053043478260869525,48,464.23925064171783,603.0,1067.2392506417177,4,4,False,{},{},{},{},OrderedDict(),OrderedDict(),OrderedDict(),[1067.2392506417177],1067.2392506417177,0.0,0.0,0.0,0.0,0,0.0,0,0.0,0,0,0.0,0.0,0.0,0.0,Leave Event,0.0,0.0,0.0,0.0,0.0,0.0,0.0,True,True,False,0,[],,
50,18,1,1051.3333333333333,2992.3333333333335,223418.48563758796,719638.1230112034,0.35134231926033194,0.3104594913659261,23,92,0,1290.122632343359,13270,8914,4356,0.01087438970261878,0.053043478260869525,49,672.1226323433591,618.0,1290.122632343359,5,6,False,{},{},{},{},OrderedDict(),OrderedDict(),OrderedDict(),[1290.122632343359],1290.122632343359,0.0,0.0,0.0,0.0,0,0.0,0,0.0,0,0,0.0,0.0,0.0,0.0,Leave Event,0.0,0.0,0.0,0.0,0.0,0.0,0.0,True,True,False,0,[],,
50,18,1,1051.3333333333333,2992.3333333333335,223418.48563758796,719638.1230112034,0.35134231926033194,0.3104594913659261,23,93,0,1383.165825889022,13270,8914,4356,0.01087438970261878,0.053043478260869525,41,860.165825889022,523.0,1383.165825889022,5,6,False,{},{},{},{},OrderedDict(),OrderedDict(),OrderedDict(),[1383.165825889022],1383.165825889022,0.0,0.0,0.0,0.0,0,0.0,0,0.0,0,0,0.0,0.0,0.0,0.0,Leave Event,0.0,0.0,0.0,0.0,0.0,0.0,0.0,True,True,False,0,[],,
50,18,0,1051.3333333333333,2992.3333333333335,223418.48563758796,719638.1230112034,0.35134231926033194,0.3104594913659261,23,94,0,1459.9094621975046,13612,9012,4600,0.0,0.0,43,909.9094621975045,550.0,1459.9094621975046,3,2,False,{},{},{},{},OrderedDict(),OrderedDict(),OrderedDict(),[1459.9094621975046],1459.9094621975046,0.0,0.0,0.0,0.0,0,0.0,0,0.0,0,0,0.0,0.0,0.0,0.0,Leave Event,0.0,0.0,0.0,0.0,0.0,0.0,0.0,True,True,False,0,[],,
50,18,0,1051.3333333333333,2992.3333333333335,223418.48563758796,719638.1230112034,0.35134231926033194,0.3104594913659261,23,95,0,1474.210224845763,13612,9012,4600,0.0,0.0,2,1447.210224845763,27.0,1474.210224845763,3,2,False,{},{},{},{},OrderedDict(),OrderedDict(),OrderedDict(),[1474.210224845763],1474.210224845763,0.0,0.0,0.0,0.0,0,0.0,0,0.0,0,0,0.0,0.0,0.0,0.0,Leave Event,0.0,0.0,0.0,0.0,0.0,0.0,0.0,True,True,False,0,[],,
50,18,0,1051.3333333333333,2992.3333333333335,223418.48563758796,719638.1230112034,0.35134231926033194,0.3104594913659261,23,96,0,1612.9575393705115,13612,9012,4600,0.0,0.0,13,1438.9575393705115,174.0,1612.9575393705115,5,5,False,{},{},{},{},OrderedDict(),OrderedDict(),OrderedDict(),[1612.9575393705115],1612.9575393705115,0.0,0.0,0.0,0.0,0,0.0,0,0.0,0,0,0.0,0.0,0.0,0.0,Leave Event,0.0,0.0,0.0,0.0,0.0,0.0,0.0,True,True,False,0,[],,
50,18,0,1051.3333333333333,2992.3333333333335,223418.48563758796,719638.1230112034,0.35134231926033194,0.3104594913659261,23,97,0,2443.515725352295,13612,9012,4600,0.0,0.0,45,1874.515725352295,569.0,2443.515725352295,3,2,False,{},{},{},{},OrderedDict(),OrderedDict(),OrderedDict(),[2443.515725352295],2443.515725352295,0.0,0.0,0.0,0.0,0,0.0,0,0.0,0,0,0.0,0.0,0.0,0.0,Leave Event,0.0,0.0,0.0,0.0,0.0,0.0,0.0,True,True,False,0,[],,
50,18,0,1051.3333333333333,2992.3333333333335,223418.48563758796,719638.1230112034,0.35134231926033194,0.3104594913659261,23,98,0,2471.9635860597696,13612,9012,4600,0.0,0.0,47,1880.9635860597696,591.0,2471.9635860597696,5,6,False,{},{},{},{},OrderedDict(),OrderedDict(),OrderedDict(),[2471.9635860597696],2471.9635860597696,0.0,0.0,0.0,0.0,0,0.0,0,0.0,0,0,0.0,0.0,0.0,0.0,Leave Event,0.0,0.0,0.0,0.0,0.0,0.0,0.0,True,True,False,0,[],,
50,18,0,1051.3333333333333,2992.3333333333335,223418.48563758796,719638.1230112034,0.35134231926033194,0.3104594913659261,23,99,0,2579.2486903045265,13612,9012,4600,0.0,0.0,27,2227.2486903045265,352.0,2579.2486903045265,3,2,False,{},{},{},{},OrderedDict(),OrderedDict(),OrderedDict(),[2579.2486903045265],2579.2486903045265,0.0,0.0,0.0,0.0,0,0.0,0,0.0,0,0,0.0,0.0,0.0,0.0,Leave Event,0.0,0.0,0.0,0.0,0.0,0.0,0.0,True,True,False,0,[],,
